model,data_distribution,local-epochs,num-server-rounds,metrics/AUC,"Overfitting-Gap (Server, Loss)",Test-Accuracy (Server)
ResNet-18,semi-non-IID,10,10,0.73,1.7,0.57
Shokri-CNN,semi-non-IID,10,10,0.6,1.45,0.61
ResNet-18,semi-non-IID,10,10,0.75,1.99,0.55
Shokri-CNN,semi-non-IID,10,10,0.61,1.39,0.63
ResNet-18,non-IID,10,10,0.72,1.5,0.55
Shokri-CNN,non-IID,10,10,0.6,1.52,0.58
ResNet-18,non-IID,10,10,0.72,1.8,0.52
Shokri-CNN,non-IID,10,10,0.6,1.43,0.6
ResNet-18,IID,10,10,0.79,1.86,0.59
Shokri-CNN,IID,10,10,0.63,1.38,0.64
ResNet-18,IID,10,10,0.78,1.97,0.57
Shokri-CNN,IID,10,10,0.64,1.32,0.65
ResNet-18,semi-non-IID,5,20,0.78,1.81,0.57
Shokri-CNN,semi-non-IID,5,20,0.61,1.41,0.62
ResNet-18,semi-non-IID,5,20,0.78,2.03,0.56
Shokri-CNN,semi-non-IID,5,20,0.63,1.39,0.63
ResNet-18,non-IID,5,20,0.75,1.59,0.56
Shokri-CNN,non-IID,5,20,0.6,1.46,0.59
ResNet-18,non-IID,5,20,0.75,1.99,0.53
Shokri-CNN,non-IID,5,20,0.61,1.41,0.6
ResNet-18,IID,5,20,0.8,1.87,0.6
Shokri-CNN,IID,5,20,0.64,1.36,0.64
ResNet-18,IID,5,20,0.8,2.1,0.58
Shokri-CNN,IID,5,20,0.67,1.3,0.65
ResNet-18,semi-non-IID,1,100,0.77,2.08,0.55
Shokri-CNN,semi-non-IID,1,100,0.58,1.26,0.62
ResNet-18,semi-non-IID,1,100,0.81,2.31,0.54
Shokri-CNN,semi-non-IID,1,100,0.64,1.21,0.62
ResNet-18,non-IID,1,100,0.76,2.21,0.51
Shokri-CNN,non-IID,1,100,0.57,1.32,0.59
ResNet-18,non-IID,1,100,0.78,2.76,0.51
Shokri-CNN,non-IID,1,100,0.63,1.35,0.6
ResNet-18,IID,1,100,0.78,1.89,0.56
Shokri-CNN,IID,1,100,0.58,1.19,0.63
ResNet-18,IID,1,100,0.81,2.13,0.55
Shokri-CNN,IID,1,100,0.66,1.0,0.65
