"Name","Runtime","parameters.model_arch","parameters.num_shadow_models","parameters.run_name","parameters.shadow_epochs","parameters.target_model_file","parameters.test_size","parameters.train_size","parameters.weight_decay","metrics/AUC","metrics/Accuracy","metrics/F1-Score","metrics/Precision","metrics/Recall","std/std_AUC","std/std_Accuracy","std/std_F1-Score","std/std_Precision","std/std_Recall"
"run35-model_ckp:35/global_model_round_10.pth-complex_model_with_dropout-2025-11-06_15-57-58","320","complex_model_with_dropout","1","run35","100","global_model_round_10.pth","15000","15000","0.0005","0.7280309","0.6715","0.6448172420877961","0.6994420144239738","0.6100000000000001","0.06371415476242304","0.06415177316333509","0.08644090948422604","0.0711026321459363","0.12432135777894315"
"run12-model_ckp:12/global_model_round_20.pth-simple_model-2025-11-03_18-12-43","117","simple_model","1","run12","100","global_model_round_20.pth","15000","15000","0","0.6676165000000001","0.5824","0.5260617821340109","0.6186145834158936","0.4688","0.05723013000553115","0.02150906785520935","0.03246519941585742","0.058713977930383895","0.07262341220295283"
"run34-model_ckp:34/global_model_round_10.pth-simple_model_with_dropout-2025-11-03_18-08-36","118","simple_model_with_dropout","1","run34","100","global_model_round_10.pth","15000","15000","0.0005","0.6043065999999999","0.5559999999999998","0.4797341858949289","0.5838903361715644","0.4248","0.05841529800865523","0.04265911391484826","0.08861824421574438","0.07216516844969169","0.12176600510815816"
"run33-model_ckp:33/global_model_round_10.pth-complex_model-2025-11-03_18-08-24","322","complex_model","1","run33","100","global_model_round_10.pth","15000","15000","0","0.7455622","0.6855","0.6567097339741699","0.7205335612606247","0.6122","0.06117514945760249","0.06499038390408231","0.08357968868281845","0.07426581538561038","0.11325970157121198"
"run32-model_ckp:32/global_model_round_10.pth-simple_model-2025-11-03_18-07-08","120","simple_model","1","run32","100","global_model_round_10.pth","15000","15000","0","0.6115546000000001","0.5499000000000002","0.4426886163354342","0.5876186066436089","0.3736","0.05852830375672953","0.03618618520927566","0.0914977353572842","0.07273097425294814","0.12026736880800212"
"run31-model_ckp:31/global_model_round_10.pth-complex_model_with_dropout-2025-11-03_18-06-20","325","complex_model_with_dropout","1","run31","100","global_model_round_10.pth","15000","15000","0.0005","0.7201706000000001","0.6324500000000001","0.48749114014282896","0.6568914611121442","0.4284","0.07285326743146117","0.09553283466955224","0.2401727872437158","0.23829709820575476","0.2624016768239105"
"run30-model_ckp:30/global_model_round_10.pth-simple_model_with_dropout-2025-11-03_18-06-12","116","simple_model_with_dropout","1","run30","100","global_model_round_10.pth","15000","15000","0.0005","0.6008013","0.5649500000000001","0.4448434122265005","0.6514158451187843","0.4043","0.04876652873652175","0.04219801535617524","0.1870969517018523","0.14110971130109806","0.2036310634456344"
"run29-model_ckp:29/global_model_round_10.pth-complex_model-2025-11-03_18-05-04","318","complex_model","1","run29","100","global_model_round_10.pth","15000","15000","0","0.7170945000000001","0.64155","0.5189935022662016","0.6557513428654194","0.4665","0.0732754571070696","0.08909473890191272","0.23458176309261936","0.23339391091743808","0.2507090943703479"
"run28-model_ckp:28/global_model_round_10.pth-simple_model-2025-11-03_18-04-12","117","simple_model","1","run28","100","global_model_round_10.pth","15000","15000","0","0.6037733","0.5516500000000001","0.4033120149385781","0.6463718350242843","0.3478","0.05573895208568243","0.04402274980052928","0.17729393163372334","0.15261192326229578","0.18620676679433537"
"run27-model_ckp:27/global_model_round_10.pth-complex_model_with_dropout-2025-11-03_18-03-01","324","complex_model_with_dropout","1","run27","100","global_model_round_10.pth","15000","15000","0.0005","0.7863902","0.7526","0.7759600567091663","0.716503752262549","0.8503000000000001","0.05094689049942109","0.042156138343069346","0.028413794117767784","0.057725404688780235","0.016577394246382646"
"run26-model_ckp:26/global_model_round_10.pth-simple_model_with_dropout-2025-11-03_18-02-51","120","simple_model_with_dropout","1","run26","100","global_model_round_10.pth","15000","15000","0.0005","0.6294093999999999","0.5803","0.5462620776616764","0.6040119773707854","0.5133","0.04237994437514045","0.019486148926865975","0.03738692041471375","0.05086576919877834","0.08947519209255714"
"run25-model_ckp:25/global_model_round_10.pth-complex_model-2025-11-03_18-01-35","320","complex_model","1","run25","100","global_model_round_10.pth","15000","15000","0","0.7832975999999999","0.7578","0.7744153582343596","0.7329170088547968","0.8245000000000001","0.0498606696649774","0.04516038086641876","0.03276895211006179","0.06249859123979164","0.012134661099511574"
"run24-model_ckp:24/global_model_round_10.pth-simple_model-2025-11-03_18-00-53","118","simple_model","1","run24","100","global_model_round_10.pth","15000","15000","0","0.6444951","0.5694999999999999","0.503101193948559","0.6040234229516649","0.4443","0.05090788305252928","0.01492146105446782","0.04563298003500649","0.04967003503495158","0.08617197920437944"
"run23-model_ckp:23/global_model_round_20.pth-complex_model_with_dropout-2025-11-03_18-00-37","325","complex_model_with_dropout","1","run23","100","global_model_round_20.pth","15000","15000","0.0005","0.7758736","0.73885","0.7446745852462728","0.7316675979875308","0.7646","0.05756697371097421","0.04983374860473573","0.050626210265001366","0.05850202555888462","0.0776082469844539"
"run22-model_ckp:22/global_model_round_20.pth-simple_model_with_dropout-2025-11-03_17-59-25","118","simple_model_with_dropout","1","run22","100","global_model_round_20.pth","15000","15000","0.0005","0.6112844999999999","0.55555","0.47254625795646554","0.5895850520545457","0.41129999999999994","0.057707746102668045","0.034981030573726674","0.07572977044707221","0.06955960725204587","0.11163516471076666"
"run21-model_ckp:21/global_model_round_20.pth-complex_model-2025-11-03_17-58-41","319","complex_model","1","run21","100","global_model_round_20.pth","15000","15000","0","0.7807701","0.747","0.7519594632702871","0.7415315196914742","0.7671000000000001","0.05526004163127281","0.04581866431924876","0.043619010719860095","0.0565804778872638","0.060501983438561745"
"run20-model_ckp:20/global_model_round_20.pth-simple_model-2025-11-03_17-58-28","117","simple_model","1","run20","100","global_model_round_20.pth","15000","15000","0","0.6275087","0.5576000000000001","0.4583440562105018","0.5969540174177583","0.3891","0.06438534620556141","0.04342856203007417","0.09271506612109735","0.08060156672530785","0.1167907958702226"
"run19-model_ckp:19/global_model_round_20.pth-complex_model_with_dropout-2025-11-03_17-57-14","322","complex_model_with_dropout","1","run19","100","global_model_round_20.pth","15000","15000","0.0005","0.7469171","0.6709","0.5732755067482268","0.7403046996224532","0.5609999999999999","0.06463853059352447","0.09502415482391832","0.2535152043260626","0.09054351066526922","0.29587294570473993"
"run18-model_ckp:18/global_model_round_20.pth-simple_model_with_dropout-2025-11-03_17-57-13","119","simple_model_with_dropout","1","run18","100","global_model_round_20.pth","15000","15000","0.0005","0.5986291999999999","0.5570999999999999","0.4258685683323947","0.6316090023597974","0.3774","0.04638556752439274","0.03655051299229603","0.17668130918282396","0.1097212920424721","0.19174368307717468"
"run17-model_ckp:17/global_model_round_20.pth-complex_model-2025-11-03_17-55-25","318","complex_model","1","run17","100","global_model_round_20.pth","15000","15000","0","0.7520423","0.6862","0.603151908059784","0.741518149627834","0.5988","0.06073832390682179","0.09874467074227349","0.2475975368620462","0.07006311860652654","0.2923873458274143"
"run16-model_ckp:16/global_model_round_20.pth-simple_model-2025-11-03_17-55-03","119","simple_model","1","run16","100","global_model_round_20.pth","15000","15000","0","0.6140098","0.5567","0.4117608345658174","0.6403267849264616","0.3582","0.05735791829521015","0.046081558133379136","0.18114625998386868","0.12568550776554777","0.19463442655398863"
"run14-model_ckp:14/global_model_round_20.pth-simple_model_with_dropout-2025-11-03_17-52-45","116","simple_model_with_dropout","1","run14","100","global_model_round_20.pth","15000","15000","0.0005","0.6392396","0.5823","0.5397579665305609","0.6069682936557632","0.4969","0.045441176959229376","0.02812045518835","0.046330941933955275","0.04978270655518369","0.08670115339486552"
"run15-model_ckp:15/global_model_round_20.pth-complex_model_with_dropout-2025-11-03_17-53-08","324","complex_model_with_dropout","1","run15","100","global_model_round_20.pth","15000","15000","0.0005","0.8023317999999999","0.76135","0.7860271309076208","0.720194050052407","0.8694999999999998","0.05073677454627951","0.04229246386769161","0.028808484402386283","0.05894436229267925","0.016770509831248438"
"run13-model_ckp:13/global_model_round_20.pth-complex_model-2025-11-03_17-52-36","340","complex_model","1","run13","100","global_model_round_20.pth","15000","15000","0","0.7987569999999999","0.77165","0.7933762004100102","0.732724542178685","0.8695","0.04843464219130765","0.04102928831944322","0.027196245008773663","0.05798950318232699","0.01924707770026402"
"run11-model_ckp:11/global_model_round_100.pth-complex_model_with_dropout-2025-11-03_17-51-38","324","complex_model_with_dropout","1","run11","100","global_model_round_100.pth","15000","15000","0.0005","0.7730268","0.7299500000000001","0.7321836517301648","0.7332860049425406","0.7348999999999999","0.050404875716144736","0.03770175725347562","0.027495295816276945","0.059558198505954375","0.0286511779862539"
"run10-model_ckp:10/global_model_round_100.pth-simple_model_with_dropout-2025-11-03_17-50-27","116","simple_model_with_dropout","1","run10","100","global_model_round_100.pth","15000","15000","0.0005","0.5762406","0.5244","0.35891418459107005","0.5652063184578123","0.2779","0.03241632426170493","0.012499599993599796","0.07553000391731873","0.053088454490482655","0.09293056547767264"
"run9-model_ckp:9/global_model_round_100.pth-complex_model-2025-11-03_17-49-28","323","complex_model","1","run9","100","global_model_round_100.pth","15000","15000","0","0.8052664","0.7669","0.7779059932116305","0.7499456597825392","0.8126","0.04501094667344817","0.03522768797409219","0.02521200674676272","0.05535542887860477","0.035273786300877866"
"run8-model_ckp:8/global_model_round_100.pth-simple_model-2025-11-03_17-49-24","118","simple_model","1","run8","100","global_model_round_100.pth","15000","15000","0","0.6435658999999999","0.5532999999999999","0.4253855405437396","0.6060162604638982","0.3392","0.06131283093684386","0.031559626106783964","0.07102102901821387","0.07724068743992017","0.08566539558071275"
"run7-model_ckp:7/global_model_round_100.pth-complex_model_with_dropout-2025-11-03_17-47-08","326","complex_model_with_dropout","1","run7","100","global_model_round_100.pth","15000","15000","0.0005","0.7588162","0.6874500000000001","0.6164928242310491","0.7589420697139421","0.6062999999999998","0.044446296549431406","0.08229776728441665","0.21731254017394033","0.09669879780759268","0.26438496553321633"
"run6-model_ckp:6/global_model_round_100.pth-simple_model_with_dropout-2025-11-03_17-47-05","123","simple_model_with_dropout","1","run6","100","global_model_round_100.pth","15000","15000","0.0005","0.5703039000000001","0.5253","0.32716914235386196","0.5794267951765574","0.265","0.02640409631269361","0.020138520303140457","0.16415073775237496","0.07543563589808723","0.1601555493887115"
"run5-model_ckp:5/global_model_round_100.pth-complex_model-2025-11-03_17-47-04","320","complex_model","1","run5","100","global_model_round_100.pth","15000","15000","0","0.7830679999999999","0.72735","0.6974449961010409","0.7567682986609776","0.7087000000000001","0.04974974767976215","0.06997644246458948","0.15641853552450535","0.0703924078759906","0.2253047047888703"
"run4-model_ckp:4/global_model_round_100.pth-simple_model-2025-11-03_17-44-54","122","simple_model","1","run4","100","global_model_round_100.pth","15000","15000","0","0.6286500000000002","0.5686000000000001","0.43426010186428854","0.6304796499288255","0.3831","0.05644082912573131","0.048426129310528226","0.18494653661728971","0.10789369999519852","0.20285041286623007"
"run2-model_ckp:2/global_model_round_100.pth-simple_model_with_dropout-2025-11-03_17-44-54","121","simple_model_with_dropout","1","run2","100","global_model_round_100.pth","15000","15000","0.0005","0.5846157","0.5299999999999999","0.3767069082070117","0.5670882036490549","0.2944","0.024149757986572047","0.008570297544426347","0.07371950247355843","0.037749471930390424","0.08792747011031309"
"run3-model_ckp:3/global_model_round_100.pth-complex_model_with_dropout-2025-11-03_17-44-54","323","complex_model_with_dropout","1","run3","100","global_model_round_100.pth","15000","15000","0.0005","0.7756409","0.7397","0.7457031808373812","0.7357068701495102","0.7594000000000001","0.046095426348934","0.0388491956158683","0.02927340571361252","0.059846440039476576","0.025436980952935458"
"run0-model_ckp:0/global_model_round_100.pth-simple_model-2025-11-03_17-44-32","123","simple_model","1","run0","100","global_model_round_100.pth","15000","15000","0","0.6597167","0.5465000000000001","0.39995985527078537","0.6047930530001884","0.3091","0.05408752834073675","0.013926593266122188","0.05354425382560862","0.061082817365212115","0.0715380318432091"
"run1-model_ckp:1/global_model_round_100.pth-complex_model-2025-11-03_17-43-52","321","complex_model","1","run1","100","global_model_round_100.pth","15000","15000","0","0.8146087999999999","0.7832","0.7957540804230957","0.7595741933810177","0.8389999999999999","0.04134372248552373","0.03615535921547453","0.025587591211985547","0.05551075511517281","0.01768615277554733"