run_name,Name,Runtime,dirichlet-alpha,iid-data-distribution,local-epochs,model,num-clients,num-server-rounds,weight-decay,"Overfitting-Gap (Clients aggregiert, Accuracy)","Overfitting-Gap (Clients aggregiert, Loss)","Overfitting-Gap (Server, Accuracy)","Overfitting-Gap (Server, Loss)",Test-Accuracy (Server),Test-Loss (Server),Trainings-Accuracy (Clients aggregiert),Trainings-Loss (Clients aggregiert),Validierungs-Accuracy (Clients aggregiert),Validierungs-Loss (Clients aggregiert)
run35,run35-complex_model_with_dropout-10-0.5-2025-11-03_21-44-13,357,0.5,false,10,complex_model_with_dropout,5,10,0.0005,0.4267051903476941,1.6720277588318917,0.4288687085885736,1.6995526811922357,0.5708,1.703306474263155,0.9996687085885736,0.003753793070919197,0.5744627686156921,1.6894971663446967
run34,simple_model_with_dropout-10-0.5-2025-10-30_18-19-54,296,0.5,false,10,simple_model_with_dropout,5,10,0.0005,0.37090398418742865,1.349501244652681,0.36969788723590447,1.4466884159439282,0.6134,1.5213810944858983,0.9830978872359044,0.07469267854197033,0.6164417791104447,1.4554567731921642
run33,complex_model-10-0.5-2025-10-30_18-13-58,346,0.5,false,10,complex_model,5,10,0,0.4482131980640509,1.9026068973634016,0.4516874609326166,1.9855919159996696,0.548,1.9884827136993408,0.9996874609326166,0.0028907976996711037,0.5502248875562219,1.9492226640284112
run32,simple_model-10-0.5-2025-10-30_18-09-43,244,0.5,false,10,simple_model,5,10,0,0.3628262503327657,1.3125377454153322,0.3656615326915863,1.3947786553095438,0.6266,1.4348754550837264,0.9922615326915863,0.04009679977418248,0.6326836581709145,1.3771882003324454
run31,complex_model_with_dropout-10-0.1-2025-10-30_18-02-54,397,0.1,false,10,complex_model_with_dropout,5,10,0.0005,0.46602183656265384,1.5662691514700424,0.450755969496187,1.4993411485777275,0.547,1.5090526146224783,0.9977559694961872,0.009711466044750766,0.5444777611194402,1.529663078446334
run30,simple_model_with_dropout-10-0.1-2025-10-30_17-58-20,262,0.1,false,10,simple_model_with_dropout,5,10,0.0005,0.4157088164256414,1.5591567513803348,0.4045733341667709,1.5222897101759425,0.5821,1.5735819882984403,0.9866733341667708,0.05129227812249774,0.5727136431784108,1.6227974585498095
run29,complex_model-10-0.1-2025-10-30_17-51-53,375,0.1,false,10,complex_model,5,10,0,0.48509344527636167,1.8423306403970576,0.4726871983997999,1.8041401096801255,0.5249,1.814142427866972,0.9975871983998,0.010002318186846416,0.5152423788105946,1.91300883327184
run28,simple_model-10-0.1-2025-10-30_17-47-20,261,0.1,false,10,simple_model,5,10,0,0.40572350091987386,1.460388543124988,0.3965802725340667,1.4338715476658852,0.5956,1.467253413381456,0.9921802725340668,0.03338186571557077,0.5884557721139431,1.5059528748929754
run27,complex_model_with_dropout-10-0.0-2025-10-30_17-42-06,302,0,true,10,complex_model_with_dropout,5,10,0.0005,0.3967500000000001,1.7480526680903243,0.4085,1.864409380249693,0.5915,1.8658474517773975,1,0.0014380715277045966,0.59925,1.7701655490057808
run26,simple_model_with_dropout-10-0.0-2025-10-30_17-38-05,230,0,true,10,simple_model_with_dropout,5,10,0.0005,0.33233749999999995,1.2651285164603163,0.3401875,1.3839726249728777,0.6379,1.4827063777778722,0.9780875,0.09873375280499458,0.64575,1.4100429024015155
run25,complex_model-10-0.0-2025-10-30_17-32-48,306,0,true,10,complex_model,5,10,0,0.42275,1.8612093183551648,0.4258,1.9707076593352189,0.5742,1.9716850368282464,1,0.0009773774930275977,0.57675,1.9034474100385397
run24,simple_model-10-0.0-2025-10-30_17-28-44,233,0,true,10,simple_model,5,10,0,0.3361375,1.218864770371999,0.34658750000000005,1.3153803881220048,0.6453,1.3639737722239915,0.9918875,0.04859338410198689,0.65475,1.2924781799316407
run23,complex_model_with_dropout-20-0.5-2025-10-30_17-19-14,560,0.5,false,5,complex_model_with_dropout,5,20,0.0005,0.4105447276361819,1.731782536278987,0.4253,1.809428277504112,0.5747,1.811303657821462,1,0.0018753803173498936,0.5889555222388806,1.737990059642761
run22,simple_model_with_dropout-20-0.5-2025-10-30_17-11-27,455,0.5,false,5,simple_model_with_dropout,5,20,0.0005,0.3713448189019629,1.3379375442452373,0.3726860982622828,1.4126604102399785,0.6161,1.47681350345853,0.9887860982622828,0.06415309321855174,0.6166916541729135,1.4144138992608786
run21,complex_model-20-0.5-2025-10-30_17-01-58,559,0.5,false,5,complex_model,5,20,0,0.4335332333833083,2.020024225526279,0.4418,2.031045006715669,0.5582,2.0321872747397123,1,0.0011422680240433009,0.5669665167416292,2.0392641351895393
run20,simple_model-20-0.5-2025-10-30_16-54-09,458,0.5,false,5,simple_model,5,20,0,0.3660635303051062,1.3219162094840544,0.3691993124140518,1.3865537385792388,0.6253,1.4258357195914546,0.9944993124140518,0.039281981012215895,0.6269365317341329,1.3764316856043088
run19,complex_model_with_dropout-20-0.1-2025-10-30_16-43-39,619,0.1,false,5,complex_model_with_dropout,5,20,0.0005,0.4395302348825587,1.618790924680268,0.4361,1.587230218846874,0.5639,1.5913891792297363,1,0.004158960382862231,0.5629685157421289,1.6221716890300528
run18,simple_model_with_dropout-20-0.1-2025-10-30_16-35-50,457,0.1,false,5,simple_model_with_dropout,5,20,0.0005,0.40042752720401886,1.4901699533774406,0.39688554819352406,1.4621344190359056,0.5875,1.5219469002530546,0.984385548193524,0.059812481217148966,0.5849575212393803,1.557396385532202
run17,complex_model-20-0.1-2025-10-30_16-25-42,597,0.1,false,5,complex_model,5,20,0,0.4682658670664668,2.047556934721288,0.4689,1.9929614698712148,0.5311,1.9956367242185375,1,0.0026752543473228226,0.531984007996002,2.0629672080404995
run16,simple_model-20-0.1-2025-10-30_16-17-59,453,0.1,false,5,simple_model,5,20,0,0.3994059914660746,1.4367769456139026,0.3897111388923614,1.4089275893262012,0.5994,1.452102701875228,0.9891111388923616,0.04317511254902683,0.5897051474262869,1.4898347236171388
run15,complex_model_with_dropout-20-0.0-2025-10-30_16-09-05,522,0,true,5,complex_model_with_dropout,5,20,0.0005,0.39175,1.7582024948827788,0.4034,1.8677027716018153,0.5966,1.8687015002286889,1,0.0009987286268733442,0.608,1.759196594783238
run14,simple_model_with_dropout-20-0.0-2025-10-30_16-01-30,444,0,true,5,simple_model_with_dropout,5,20,0.0005,0.341275,1.28741587489077,0.35482500000000006,1.36073506083496,0.6352,1.4396525530875484,0.990025,0.07891749225258828,0.64425,1.38521706036159
run13,complex_model-20-0.0-2025-10-30_15-52-30,529,0,true,5,complex_model,5,20,0,0.419,1.9804849501434516,0.4192,2.097080231413291,0.5808,2.0976017230673683,1,0.0005214916540775449,0.58175,1.9927929060799736
run12,simple_model-20-0.0-2025-10-30_15-44-50,451,0,true,5,simple_model,5,20,0,0.334375,1.2121923855981656,0.35067499999999996,1.3017524837116274,0.6472,1.343703629095343,0.997875,0.041951145383715624,0.66275,1.2708997283663068
run11,complex_model_with_dropout-100-0.5-2025-10-30_15-04-16,2420,0.5,false,1,complex_model_with_dropout,5,100,0.0005,0.46901549225387307,2.094767771568974,0.4526,2.081850015619398,0.5474,2.08448014983648,1,0.00263013421708178,0.5314842578710645,2.098406442958318
run10,simple_model_with_dropout-100-0.5-2025-10-30_14-30-30,2016,0.5,false,1,simple_model_with_dropout,5,100,0.0005,0.38674237078235474,1.2376698956777568,0.3817871483935492,1.2600547192890077,0.6154,1.303037585336951,0.9971871483935492,0.04298286604794299,0.610944527736132,1.2808999314278675
run9,complex_model-100-0.5-2025-10-30_13-50-25,2394,0.5,false,1,complex_model,5,100,0,0.4465267366316842,2.3183460435809917,0.4600999999999999,2.313441938698914,0.5399,2.3151455981821956,1,0.0017036594832818394,0.5542228885557221,2.323473870123922
run8,simple_model-100-0.5-2025-10-30_13-16-41,2013,0.5,false,1,simple_model,5,100,0,0.34425298914488256,1.123074566049293,0.357485023127891,1.2058445661861033,0.6227,1.322580168518839,0.980185023127891,0.11673560233273582,0.6361819090454772,1.2433026848934785
run7,complex_model_with_dropout-100-0.1-2025-10-30_12-35-44,2447,0.1,false,1,complex_model_with_dropout,5,100,0.0005,0.4967516241879061,2.23190037386051,0.49,2.213331366743052,0.51,2.220383087290993,1,0.007051720547940985,0.5047476261869065,2.2407332732595844
run6,simple_model_with_dropout-100-0.1-2025-10-30_12-01-06,2066,0.1,false,1,simple_model_with_dropout,5,100,0.0005,0.40997778395462847,1.3917900169549036,0.4053365545693211,1.3186636646282202,0.5871,1.3715448907659025,0.9924365545693212,0.052881226137682355,0.5827086456771614,1.445284480064817
run5,complex_model-100-0.1-2025-10-30_02-52-41,2505,0.1,false,1,complex_model,5,100,0,0.5092453773113443,2.813632448845181,0.4932,2.764274148296962,0.5068,2.7692993351175814,1,0.005025186820619128,0.4910044977511244,2.824977281559696
run4,simple_model-100-0.1-2025-10-30_02-16-11,2178,0.1,false,1,simple_model,5,100,0,0.3762996611457992,1.367040170080731,0.3759975621952744,1.3496404186548394,0.6045,1.4337368607521055,0.9804975621952744,0.08409644209726634,0.6051974012993503,1.4536938179435133
run3,complex_model_with_dropout-100-0.0-2025-10-30_01-32-32,2608,0,true,1,complex_model_with_dropout,5,100,0.0005,0.44525,1.8791467550502692,0.4387,1.8855013913167464,0.5613,1.886999717241601,1,0.0014983259248547256,0.55475,1.8812248843056816
run2,simple_model_with_dropout-100-0.0-2025-10-30_00-55-59,2181,0,true,1,simple_model_with_dropout,5,100,0.0005,0.35975,1.166607865755047,0.3624500000000001,1.1897068885893007,0.6333,1.239700253251233,0.99575,0.049993364661931994,0.6365,1.2178970183644977
run1,complex_model-100-0.0-2025-10-30_00-12-03,2625,0,true,1,complex_model,5,100,0,0.4415,2.0719256102055414,0.4498,2.1276785715781377,0.5502,2.128515791289414,1,0.0008372197112767026,0.55875,2.074523459162031
run0,simple_model-100-0.0-2025-10-29_23-35-50,2162,0,true,1,simple_model,5,100,0,0.30962500000000004,0.9556690064157758,0.31437499999999996,1.001018039298963,0.653,1.18216163976283,0.967375,0.1811436004638672,0.65975,1.140535705430167
