run-name,Runtime_Flower,Overfitting-Gap (Clients aggregiert: Accuracy),Overfitting-Gap (Clients aggregiert: Loss),Overfitting-Gap (Server: Accuracy),Overfitting-Gap (Server: Loss),Test-Accuracy (Server),Test-Loss (Server),Trainings-Accuracy (Clients aggregiert),Trainings-Loss (Clients aggregiert),Validierungs-Accuracy (Clients aggregiert),Validierungs-Loss (Clients aggregiert),model,local-epochs,num-server-rounds,Runtime_MIA,metrics/AUC,metrics/Accuracy,metrics/F1-Score,metrics/Precision,metrics/Recall,std/std_AUC,std/std_Accuracy,std/std_F1-Score,std/std_Precision,std/std_Recall,regularization,data_distribution
run0,2111.45,0.31,0.96,0.31,1.0,0.65,1.18,0.97,0.18,0.66,1.14,Shokri-CNN,1,100,118,0.66,0.55,0.4,0.6,0.31,0.05,0.01,0.05,0.06,0.07,False,IID
run1,2437.33,0.44,2.03,0.44,2.07,0.56,2.07,1.0,0.0,0.56,2.03,ResNet-18,1,100,320,0.81,0.79,0.8,0.76,0.84,0.05,0.04,0.03,0.06,0.02,False,IID
run2,2195.72,0.36,1.17,0.36,1.19,0.63,1.24,1.0,0.05,0.64,1.22,Shokri-CNN,1,100,116,0.58,0.53,0.38,0.57,0.29,0.02,0.01,0.07,0.04,0.09,True,IID
run3,2539.64,0.45,1.88,0.44,1.9,0.56,1.9,1.0,0.0,0.55,1.88,ResNet-18,1,100,320,0.78,0.74,0.75,0.74,0.76,0.05,0.04,0.03,0.06,0.02,True,IID
run4,2154.64,0.38,1.37,0.38,1.35,0.6,1.43,0.98,0.08,0.6,1.45,Shokri-CNN,1,100,116,0.63,0.57,0.43,0.63,0.38,0.06,0.05,0.18,0.11,0.2,False,non-IID
run5,2568.48,0.5,2.7,0.49,2.72,0.51,2.72,1.0,0.01,0.5,2.71,ResNet-18,1,100,319,0.78,0.72,0.69,0.75,0.71,0.05,0.07,0.16,0.07,0.23,False,non-IID
run6,2145.64,0.41,1.39,0.41,1.32,0.59,1.37,0.99,0.05,0.58,1.45,Shokri-CNN,1,100,117,0.57,0.53,0.33,0.58,0.27,0.03,0.02,0.16,0.08,0.16,True,non-IID
run7,2533.28,0.5,2.2,0.49,2.13,0.51,2.14,1.0,0.01,0.5,2.21,ResNet-18,1,100,319,0.75,0.69,0.62,0.75,0.6,0.05,0.08,0.21,0.09,0.26,True,non-IID
run8,2139.03,0.34,1.12,0.36,1.21,0.62,1.32,0.98,0.12,0.64,1.24,Shokri-CNN,1,100,117,0.64,0.55,0.43,0.61,0.34,0.06,0.03,0.07,0.08,0.09,False,semi-non-IID
run9,2508.32,0.45,2.3,0.46,2.29,0.54,2.29,1.0,0.0,0.55,2.3,ResNet-18,1,100,319,0.8,0.77,0.78,0.75,0.81,0.05,0.04,0.03,0.06,0.03,False,semi-non-IID
run10,2131.22,0.39,1.24,0.38,1.26,0.62,1.3,1.0,0.04,0.61,1.28,Shokri-CNN,1,100,115,0.58,0.52,0.36,0.57,0.28,0.03,0.01,0.08,0.05,0.09,True,semi-non-IID
run11,2536.43,0.46,2.03,0.45,2.05,0.55,2.05,1.0,0.0,0.54,2.04,ResNet-18,1,100,319,0.77,0.73,0.73,0.73,0.74,0.05,0.04,0.03,0.06,0.03,True,semi-non-IID
run12,463.46,0.33,1.21,0.35,1.3,0.65,1.34,1.0,0.04,0.66,1.27,Shokri-CNN,5,20,115,0.67,0.58,0.53,0.62,0.47,0.06,0.02,0.03,0.06,0.07,False,IID
run13,558.58,0.42,1.98,0.42,2.08,0.58,2.08,1.0,0.0,0.58,2.0,ResNet-18,5,20,313,0.8,0.77,0.79,0.73,0.87,0.05,0.04,0.03,0.06,0.02,False,IID
run14,451.77,0.34,1.29,0.35,1.36,0.64,1.44,0.99,0.08,0.64,1.39,Shokri-CNN,5,20,113,0.64,0.58,0.54,0.61,0.5,0.05,0.03,0.05,0.05,0.09,True,IID
run15,569.35,0.4,1.8,0.41,1.87,0.59,1.87,1.0,0.0,0.6,1.81,ResNet-18,5,20,322,0.8,0.76,0.79,0.72,0.87,0.05,0.04,0.03,0.06,0.02,True,IID
run16,469.52,0.4,1.44,0.39,1.41,0.6,1.45,0.99,0.04,0.59,1.49,Shokri-CNN,5,20,114,0.61,0.56,0.41,0.64,0.36,0.06,0.05,0.18,0.13,0.19,False,non-IID
run17,633.55,0.47,2.05,0.47,1.97,0.53,1.97,1.0,0.0,0.53,2.07,ResNet-18,5,20,319,0.75,0.68,0.6,0.75,0.6,0.06,0.1,0.25,0.08,0.29,False,non-IID
run18,464.49,0.4,1.49,0.4,1.46,0.59,1.52,0.98,0.06,0.59,1.56,Shokri-CNN,5,20,114,0.6,0.56,0.43,0.63,0.38,0.05,0.04,0.18,0.11,0.19,True,non-IID
run19,638.62,0.44,1.69,0.45,1.63,0.55,1.64,1.0,0.0,0.56,1.69,ResNet-18,5,20,319,0.75,0.67,0.57,0.77,0.56,0.06,0.1,0.25,0.11,0.29,True,non-IID
run20,470.64,0.37,1.32,0.37,1.39,0.62,1.43,0.99,0.04,0.63,1.38,Shokri-CNN,5,20,114,0.63,0.56,0.46,0.6,0.39,0.06,0.04,0.09,0.08,0.12,False,semi-non-IID
run21,564.79,0.44,2.01,0.44,2.07,0.56,2.07,1.0,0.0,0.56,2.03,ResNet-18,5,20,317,0.78,0.74,0.75,0.74,0.76,0.06,0.05,0.05,0.06,0.06,False,semi-non-IID
run22,464.0,0.37,1.34,0.37,1.41,0.62,1.48,0.99,0.06,0.62,1.41,Shokri-CNN,5,20,115,0.61,0.56,0.47,0.59,0.41,0.06,0.03,0.08,0.07,0.11,True,semi-non-IID
run23,551.83,0.4,1.73,0.42,1.78,0.58,1.78,1.0,0.0,0.6,1.73,ResNet-18,5,20,321,0.77,0.73,0.74,0.73,0.75,0.06,0.05,0.05,0.06,0.08,True,semi-non-IID
run24,237.11,0.34,1.22,0.35,1.32,0.65,1.36,0.99,0.05,0.65,1.29,Shokri-CNN,10,10,114,0.64,0.57,0.5,0.6,0.44,0.05,0.02,0.05,0.05,0.09,False,IID
run25,317.65,0.43,1.87,0.42,1.96,0.58,1.96,1.0,0.0,0.57,1.91,ResNet-18,10,10,313,0.78,0.76,0.78,0.73,0.83,0.05,0.04,0.03,0.06,0.02,False,IID
run26,246.19,0.33,1.26,0.34,1.38,0.64,1.48,0.98,0.1,0.65,1.41,Shokri-CNN,10,10,116,0.63,0.58,0.55,0.6,0.51,0.04,0.02,0.04,0.05,0.09,True,IID
run27,311.19,0.4,1.75,0.4,1.86,0.6,1.86,1.0,0.0,0.6,1.77,ResNet-18,10,10,322,0.79,0.75,0.78,0.72,0.85,0.05,0.04,0.03,0.06,0.01,True,IID
run28,275.99,0.41,1.46,0.4,1.43,0.6,1.47,0.99,0.03,0.59,1.51,Shokri-CNN,10,10,114,0.6,0.55,0.4,0.65,0.35,0.06,0.04,0.18,0.15,0.19,False,non-IID
run29,403.31,0.48,1.87,0.48,1.79,0.51,1.82,0.99,0.03,0.5,1.92,ResNet-18,10,10,313,0.7,0.6,0.44,0.63,0.37,0.06,0.07,0.21,0.23,0.23,False,non-IID
run30,264.45,0.42,1.56,0.4,1.52,0.58,1.57,0.99,0.05,0.57,1.62,Shokri-CNN,10,10,115,0.6,0.56,0.44,0.65,0.4,0.05,0.04,0.19,0.14,0.2,True,non-IID
run31,409.26,0.48,1.61,0.45,1.52,0.54,1.53,1.0,0.01,0.54,1.56,ResNet-18,10,10,322,0.72,0.63,0.49,0.65,0.43,0.07,0.09,0.24,0.24,0.27,True,non-IID
run32,243.37,0.36,1.31,0.37,1.39,0.63,1.43,0.99,0.04,0.63,1.38,Shokri-CNN,10,10,115,0.61,0.55,0.44,0.59,0.37,0.06,0.04,0.09,0.07,0.12,False,semi-non-IID
run33,346.74,0.44,1.85,0.45,1.94,0.55,1.94,1.0,0.0,0.55,1.89,ResNet-18,10,10,318,0.74,0.68,0.65,0.72,0.6,0.06,0.06,0.08,0.07,0.12,False,semi-non-IID
run34,243.17,0.37,1.35,0.37,1.45,0.61,1.52,0.98,0.07,0.62,1.46,Shokri-CNN,10,10,114,0.6,0.56,0.48,0.58,0.42,0.06,0.04,0.09,0.07,0.12,True,semi-non-IID
run35,348.94,0.43,1.67,0.43,1.71,0.57,1.72,1.0,0.0,0.57,1.71,ResNet-18,10,10,320,0.73,0.67,0.63,0.7,0.59,0.06,0.06,0.09,0.07,0.13,True,semi-non-IID
