model,data_distribution,regularization,local-epochs,num-server-rounds,metrics/AUC,Test-Accuracy (Server),"Overfitting-Gap (Server, Loss)","Overfitting-Gap (Clients aggregiert, Accuracy)","Overfitting-Gap (Clients aggregiert, Loss)","Overfitting-Gap (Server, Accuracy)",Test-Loss (Server),run_name,Trainings-Accuracy (Clients aggregiert),Trainings-Loss (Clients aggregiert),Validierungs-Accuracy (Clients aggregiert),Validierungs-Loss (Clients aggregiert),metrics/Accuracy,metrics/F1-Score,metrics/Precision,metrics/Recall,std/std_AUC,std/std_Accuracy,std/std_F1-Score,std/std_Precision,std/std_Recall
ResNet-18,semi-non-IID,True,10,10,0.73,0.57,1.7,0.43,1.67,0.43,1.7,run35,1.0,0.0,0.57,1.69,0.67,0.64,0.7,0.61,0.06,0.06,0.09,0.07,0.12
Shokri-CNN,semi-non-IID,True,10,10,0.6,0.61,1.45,0.37,1.35,0.37,1.52,run34,0.98,0.07,0.62,1.46,0.56,0.48,0.58,0.42,0.06,0.04,0.09,0.07,0.12
ResNet-18,semi-non-IID,False,10,10,0.75,0.55,1.99,0.45,1.9,0.45,1.99,run33,1.0,0.0,0.55,1.95,0.69,0.66,0.72,0.61,0.06,0.06,0.08,0.07,0.11
Shokri-CNN,semi-non-IID,False,10,10,0.61,0.63,1.39,0.36,1.31,0.37,1.43,run32,0.99,0.04,0.63,1.38,0.55,0.44,0.59,0.37,0.06,0.04,0.09,0.07,0.12
ResNet-18,non-IID,True,10,10,0.72,0.55,1.5,0.47,1.57,0.45,1.51,run31,1.0,0.01,0.54,1.53,0.63,0.49,0.66,0.43,0.07,0.1,0.24,0.24,0.26
Shokri-CNN,non-IID,True,10,10,0.6,0.58,1.52,0.42,1.56,0.4,1.57,run30,0.99,0.05,0.57,1.62,0.56,0.44,0.65,0.4,0.05,0.04,0.19,0.14,0.2
ResNet-18,non-IID,False,10,10,0.72,0.52,1.8,0.49,1.84,0.47,1.81,run29,1.0,0.01,0.52,1.91,0.64,0.52,0.66,0.47,0.07,0.09,0.23,0.23,0.25
Shokri-CNN,non-IID,False,10,10,0.6,0.6,1.43,0.41,1.46,0.4,1.47,run28,0.99,0.03,0.59,1.51,0.55,0.4,0.65,0.35,0.06,0.04,0.18,0.15,0.19
ResNet-18,IID,True,10,10,0.79,0.59,1.86,0.4,1.75,0.41,1.87,run27,1.0,0.0,0.6,1.77,0.75,0.78,0.72,0.85,0.05,0.04,0.03,0.06,0.02
Shokri-CNN,IID,True,10,10,0.63,0.64,1.38,0.33,1.27,0.34,1.48,run26,0.98,0.1,0.65,1.41,0.58,0.55,0.6,0.51,0.04,0.02,0.04,0.05,0.09
ResNet-18,IID,False,10,10,0.78,0.57,1.97,0.42,1.86,0.43,1.97,run25,1.0,0.0,0.58,1.9,0.76,0.77,0.73,0.82,0.05,0.05,0.03,0.06,0.01
Shokri-CNN,IID,False,10,10,0.64,0.65,1.32,0.34,1.22,0.35,1.36,run24,0.99,0.05,0.65,1.29,0.57,0.5,0.6,0.44,0.05,0.01,0.05,0.05,0.09
ResNet-18,semi-non-IID,True,5,20,0.78,0.57,1.81,0.41,1.73,0.43,1.81,run23,1.0,0.0,0.59,1.74,0.74,0.74,0.73,0.76,0.06,0.05,0.05,0.06,0.08
Shokri-CNN,semi-non-IID,True,5,20,0.61,0.62,1.41,0.37,1.34,0.37,1.48,run22,0.99,0.06,0.62,1.41,0.56,0.47,0.59,0.41,0.06,0.03,0.08,0.07,0.11
ResNet-18,semi-non-IID,False,5,20,0.78,0.56,2.03,0.43,2.02,0.44,2.03,run21,1.0,0.0,0.57,2.04,0.75,0.75,0.74,0.77,0.06,0.05,0.04,0.06,0.06
Shokri-CNN,semi-non-IID,False,5,20,0.63,0.63,1.39,0.37,1.32,0.37,1.43,run20,0.99,0.04,0.63,1.38,0.56,0.46,0.6,0.39,0.06,0.04,0.09,0.08,0.12
ResNet-18,non-IID,True,5,20,0.75,0.56,1.59,0.44,1.62,0.44,1.59,run19,1.0,0.0,0.56,1.62,0.67,0.57,0.74,0.56,0.06,0.1,0.25,0.09,0.3
Shokri-CNN,non-IID,True,5,20,0.6,0.59,1.46,0.4,1.49,0.4,1.52,run18,0.98,0.06,0.58,1.56,0.56,0.43,0.63,0.38,0.05,0.04,0.18,0.11,0.19
ResNet-18,non-IID,False,5,20,0.75,0.53,1.99,0.47,2.05,0.47,2.0,run17,1.0,0.0,0.53,2.06,0.69,0.6,0.74,0.6,0.06,0.1,0.25,0.07,0.29
Shokri-CNN,non-IID,False,5,20,0.61,0.6,1.41,0.4,1.44,0.39,1.45,run16,0.99,0.04,0.59,1.49,0.56,0.41,0.64,0.36,0.06,0.05,0.18,0.13,0.19
ResNet-18,IID,True,5,20,0.8,0.6,1.87,0.39,1.76,0.4,1.87,run15,1.0,0.0,0.61,1.76,0.76,0.79,0.72,0.87,0.05,0.04,0.03,0.06,0.02
Shokri-CNN,IID,True,5,20,0.64,0.64,1.36,0.34,1.29,0.35,1.44,run14,0.99,0.08,0.64,1.39,0.58,0.54,0.61,0.5,0.05,0.03,0.05,0.05,0.09
ResNet-18,IID,False,5,20,0.8,0.58,2.1,0.42,1.98,0.42,2.1,run13,1.0,0.0,0.58,1.99,0.77,0.79,0.73,0.87,0.05,0.04,0.03,0.06,0.02
Shokri-CNN,IID,False,5,20,0.67,0.65,1.3,0.33,1.21,0.35,1.34,run12,1.0,0.04,0.66,1.27,0.58,0.53,0.62,0.47,0.06,0.02,0.03,0.06,0.07
ResNet-18,semi-non-IID,True,1,100,0.77,0.55,2.08,0.47,2.09,0.45,2.08,run11,1.0,0.0,0.53,2.1,0.73,0.73,0.73,0.73,0.05,0.04,0.03,0.06,0.03
Shokri-CNN,semi-non-IID,True,1,100,0.58,0.62,1.26,0.39,1.24,0.38,1.3,run10,1.0,0.04,0.61,1.28,0.52,0.36,0.57,0.28,0.03,0.01,0.08,0.05,0.09
ResNet-18,semi-non-IID,False,1,100,0.81,0.54,2.31,0.45,2.32,0.46,2.32,run9,1.0,0.0,0.55,2.32,0.77,0.78,0.75,0.81,0.05,0.04,0.03,0.06,0.04
Shokri-CNN,semi-non-IID,False,1,100,0.64,0.62,1.21,0.34,1.12,0.36,1.32,run8,0.98,0.12,0.64,1.24,0.55,0.43,0.61,0.34,0.06,0.03,0.07,0.08,0.09
ResNet-18,non-IID,True,1,100,0.76,0.51,2.21,0.5,2.23,0.49,2.22,run7,1.0,0.01,0.5,2.24,0.69,0.62,0.76,0.61,0.04,0.08,0.22,0.1,0.26
Shokri-CNN,non-IID,True,1,100,0.57,0.59,1.32,0.41,1.39,0.41,1.37,run6,0.99,0.05,0.58,1.45,0.53,0.33,0.58,0.26,0.03,0.02,0.16,0.08,0.16
ResNet-18,non-IID,False,1,100,0.78,0.51,2.76,0.51,2.81,0.49,2.77,run5,1.0,0.01,0.49,2.82,0.73,0.7,0.76,0.71,0.05,0.07,0.16,0.07,0.23
Shokri-CNN,non-IID,False,1,100,0.63,0.6,1.35,0.38,1.37,0.38,1.43,run4,0.98,0.08,0.61,1.45,0.57,0.43,0.63,0.38,0.06,0.05,0.18,0.11,0.2
ResNet-18,IID,True,1,100,0.78,0.56,1.89,0.45,1.88,0.44,1.89,run3,1.0,0.0,0.55,1.88,0.74,0.75,0.74,0.76,0.05,0.04,0.03,0.06,0.03
Shokri-CNN,IID,True,1,100,0.58,0.63,1.19,0.36,1.17,0.36,1.24,run2,1.0,0.05,0.64,1.22,0.53,0.38,0.57,0.29,0.02,0.01,0.07,0.04,0.09
ResNet-18,IID,False,1,100,0.81,0.55,2.13,0.44,2.07,0.45,2.13,run1,1.0,0.0,0.56,2.07,0.78,0.8,0.76,0.84,0.04,0.04,0.03,0.06,0.02
Shokri-CNN,IID,False,1,100,0.66,0.65,1.0,0.31,0.96,0.31,1.18,run0,0.97,0.18,0.66,1.14,0.55,0.4,0.6,0.31,0.05,0.01,0.05,0.06,0.07
