run_name,_runtime,model_arch,num_shadow_models,shadow_epochs,train_size,weight_decay,metrics/AUC,metrics/Accuracy,metrics/F1-Score,metrics/Precision,metrics/Recall,std/std_AUC,std/std_Accuracy,std/std_F1-Score,std/std_Precision,std/std_Recall
run2,116,simple_model_with_dropout,1,100,15000,0.0005,0.5846138,0.5298499999999999,0.3765538740530204,0.5666690430062854,0.2944,0.024156520443971215,0.008357780805931683,0.07414323039012355,0.03736548644358061,0.08833368553388905
run0,118,simple_model,1,100,15000,0.0,0.6596799000000001,0.54635,0.399688643887264,0.6040938916444031,0.30890000000000006,0.054056157274541806,0.013336135122290855,0.05384777594066512,0.05930911974119023,0.07169442098238886
run1,320,complex_model,1,100,15000,0.0,0.8128955,0.78525,0.7978715521308088,0.7608747333186878,0.8421,0.04716388837924628,0.03546283265617682,0.02519184649429788,0.05537409096024178,0.01782386041237982
run3,320,complex_model_with_dropout,1,100,15000,0.0005,0.7785656000000001,0.742,0.7471378818768974,0.7383394759379185,0.7586999999999999,0.04537204046370401,0.03726660703632678,0.02880186613642526,0.05617123651185715,0.019779029298729517
run4,116,simple_model,1,100,15000,0.0,0.6286776,0.56875,0.4346577548654424,0.6306804739425865,0.3835,0.05643908816627001,0.048532077021285626,0.18485312095376677,0.10828874597427286,0.2028153100729824
run5,319,complex_model,1,100,15000,0.0,0.7799121,0.7246499999999999,0.6942634198398776,0.7529086435493954,0.7062,0.04933660390511287,0.07095880847364898,0.1591696406994906,0.06881544326777525,0.2262484475084857
run6,117,simple_model_with_dropout,1,100,15000,0.0005,0.5703090000000001,0.5254000000000001,0.3272942884447244,0.5795011650731082,0.2651,0.026428623108289247,0.020361483246561403,0.16429165932817616,0.07550455969390936,0.1602326121611952
run7,319,complex_model_with_dropout,1,100,15000,0.0005,0.7526909,0.6869000000000001,0.6161022150625218,0.7549719801937723,0.602,0.046400987238312055,0.08238167271911877,0.21231766160796384,0.08605442983008735,0.2609735618793597
run8,117,simple_model,1,100,15000,0.0,0.6435769,0.5536,0.4255412198347938,0.6066524773731812,0.3393,0.061330328322046344,0.03099983870925782,0.07104747661297575,0.07602977330594038,0.08593724454507487
run9,319,complex_model,1,100,15000,0.0,0.80169,0.76515,0.776638702959008,0.7477223731140963,0.8122,0.05153818522610205,0.03736512411326907,0.02723375193244668,0.05725357734926297,0.032198757740012254
run10,115,simple_model_with_dropout,1,100,15000,0.0005,0.5762513,0.5245,0.3591499728662914,0.5651890743695044,0.27809999999999996,0.032438501790464994,0.012439855304624728,0.07555053597109877,0.05268446794414689,0.09288966573306204
run11,319,complex_model_with_dropout,1,100,15000,0.0005,0.7735455999999999,0.7302000000000001,0.7333950562194762,0.732792248646069,0.7383000000000001,0.047586391824133906,0.038431887801668035,0.0276958452272106,0.06366397396136061,0.02803586988127888
run13,313,complex_model,1,100,15000,0.0,0.7988530999999999,0.76655,0.7890734808414064,0.7271602640398688,0.8667999999999999,0.04617709645365333,0.0389521822238498,0.025290844617175668,0.05525969712497532,0.01907773571470159
run12,115,simple_model,1,100,15000,0.0,0.6676278,0.5826,0.5261681767701069,0.6188734249241505,0.4689,0.05721230264514791,0.021534623284376248,0.03325246177174176,0.0588103469070912,0.0733763585904888
run14,113,simple_model_with_dropout,1,100,15000,0.0005,0.6392917,0.5826,0.5400300206421105,0.6075604745438278,0.497,0.045420474993223034,0.027943514453268058,0.04563983938519962,0.05009670240952237,0.08629947856157649
run15,322,complex_model_with_dropout,1,100,15000,0.0005,0.8028151999999998,0.7632,0.7876176708514991,0.7213960650076213,0.8715999999999999,0.04966179158024807,0.039263341681522734,0.02544390550734417,0.0553224771968456,0.019006314740106788
run16,114,simple_model,1,100,15000,0.0,0.6139817,0.5568,0.41202070774334826,0.6404829201758802,0.3583,0.05734619530021151,0.0462413235104706,0.1809297886310325,0.12594117667840776,0.194282809327022
run17,319,complex_model,1,100,15000,0.0,0.7511699000000001,0.6844,0.6015330619619668,0.7452368950757783,0.5969,0.06315069034214908,0.09777417859537356,0.24599913885338737,0.08133877386976522,0.29137517052762063
run18,114,simple_model_with_dropout,1,100,15000,0.0005,0.5986130000000001,0.55675,0.425487532837223,0.6312275185764318,0.377,0.04635121004029989,0.036371176775023384,0.17639474175094447,0.1099104859682596,0.1913792047219342
run19,319,complex_model_with_dropout,1,100,15000,0.0005,0.7482113000000001,0.6729,0.5732310008903658,0.7693883119050824,0.5555,0.062241203160045014,0.09644086270870872,0.2538104415812135,0.1149437752269046,0.2919641245084745
run20,114,simple_model,1,100,15000,0.0,0.6274974,0.5571499999999999,0.45799483522143064,0.5958964544057788,0.3889,0.06436385821748103,0.04340797737743604,0.0927186403354466,0.08047227344246168,0.11666400473153664
run21,317,complex_model,1,100,15000,0.0,0.7771083,0.7424000000000002,0.7470277592040636,0.7387032261950655,0.76,0.05834644801365374,0.04955037840420595,0.04579393530035056,0.06075709017818519,0.05978294071054047
run22,115,simple_model_with_dropout,1,100,15000,0.0005,0.6112478,0.5555,0.4724786381379992,0.5893929949396775,0.4112,0.05772742538828489,0.0348245602987317,0.07555321919269894,0.06916428641919926,0.11155160240893
run23,321,complex_model_with_dropout,1,100,15000,0.0005,0.7704596,0.7317,0.7365815042465715,0.7262610741437296,0.753,0.05656966391309039,0.05070167650088112,0.051905079777412814,0.05850470228440237,0.07621810808462776
run24,114,simple_model,1,100,15000,0.0,0.6444725,0.56975,0.5035097232973513,0.6043626337799386,0.4447,0.05092644057707159,0.01515297000590974,0.04541817055462749,0.05013042480771107,0.08596633061844622
run25,313,complex_model,1,100,15000,0.0,0.7801711,0.7605000000000001,0.7785651323945457,0.7325924912379816,0.8347999999999999,0.0499456306946864,0.04492271140525693,0.03202131505100211,0.06300935193156135,0.015810123339177338
run26,116,simple_model_with_dropout,1,100,15000,0.0005,0.629543,0.5801499999999999,0.545688018827911,0.6036877287144077,0.5126999999999999,0.04240860931226112,0.018568858338627075,0.03886570379633459,0.049672313068695115,0.09102312892886072
run27,322,complex_model_with_dropout,1,100,15000,0.0005,0.7869332,0.75205,0.7760295183720592,0.7151022400719782,0.8522000000000001,0.050725597299194,0.04416415401657776,0.03092596289921462,0.05935856949176608,0.013709850473291103
run28,114,simple_model,1,100,15000,0.0,0.6037543,0.5517000000000001,0.40343543954578953,0.6464798388053872,0.3479,0.05573489364491511,0.04408072140970472,0.17719052143508082,0.1528262830364971,0.1862549059756548
run29,313,complex_model,1,100,15000,0.0,0.6951486,0.60205,0.4423204650387329,0.6315674160547528,0.37459999999999993,0.06416374662564521,0.07176156701187619,0.21136018177287091,0.22753442302931515,0.2275702968315505
run30,115,simple_model_with_dropout,1,100,15000,0.0005,0.6007583999999999,0.5645500000000001,0.4444089129184713,0.6509583271733896,0.4039,0.04876413882598561,0.04191625579652839,0.1869540537949182,0.14114747845749526,0.20325523363495465
run31,322,complex_model_with_dropout,1,100,15000,0.0005,0.7155946999999999,0.62865,0.4857906451144829,0.6495471150409912,0.4309,0.07302266874615035,0.09219328880130052,0.23835502513463355,0.2382815023526292,0.26509524703396703
run32,115,simple_model,1,100,15000,0.0,0.6115464999999999,0.5499,0.44252472773660134,0.5878316400525787,0.3734,0.05853019302590758,0.03634748959694465,0.0915938556432341,0.0729921835578314,0.1204460044999418
run33,318,complex_model,1,100,15000,0.0,0.7426519,0.6797,0.6476688591365762,0.7168271935298076,0.6006,0.06443834816698826,0.0627324477443691,0.0838198918404267,0.06970303692622043,0.1152
run34,114,simple_model_with_dropout,1,100,15000,0.0005,0.6043122999999999,0.55575,0.47931817019362927,0.583852136834579,0.4244,0.0583484372987829,0.04254835484481157,0.08851674938675759,0.07236976647742378,0.12185253382675308
run35,320,complex_model_with_dropout,1,100,15000,0.0005,0.7259732999999999,0.6656000000000001,0.6324010261866697,0.6991548345283387,0.5906,0.06145677625624368,0.061475116917334933,0.0879340768610507,0.06692928381009208,0.1275148618789198
