model,data_distribution,local-epochs,num-server-rounds,metrics/AUC,Overfitting-Gap (Server: Loss),Test-Accuracy (Server)
Shokri-CNN,IID,1,100,0.66,1.0,0.65
ResNet-18,IID,1,100,0.81,2.07,0.56
Shokri-CNN,IID,1,100,0.58,1.19,0.63
ResNet-18,IID,1,100,0.78,1.9,0.56
Shokri-CNN,non-IID,1,100,0.63,1.35,0.6
ResNet-18,non-IID,1,100,0.78,2.72,0.51
Shokri-CNN,non-IID,1,100,0.57,1.32,0.59
ResNet-18,non-IID,1,100,0.75,2.13,0.51
Shokri-CNN,semi-non-IID,1,100,0.64,1.21,0.62
ResNet-18,semi-non-IID,1,100,0.8,2.29,0.54
Shokri-CNN,semi-non-IID,1,100,0.58,1.26,0.62
ResNet-18,semi-non-IID,1,100,0.77,2.05,0.55
Shokri-CNN,IID,5,20,0.67,1.3,0.65
ResNet-18,IID,5,20,0.8,2.08,0.58
Shokri-CNN,IID,5,20,0.64,1.36,0.64
ResNet-18,IID,5,20,0.8,1.87,0.59
Shokri-CNN,non-IID,5,20,0.61,1.41,0.6
ResNet-18,non-IID,5,20,0.75,1.97,0.53
Shokri-CNN,non-IID,5,20,0.6,1.46,0.59
ResNet-18,non-IID,5,20,0.75,1.63,0.55
Shokri-CNN,semi-non-IID,5,20,0.63,1.39,0.62
ResNet-18,semi-non-IID,5,20,0.78,2.07,0.56
Shokri-CNN,semi-non-IID,5,20,0.61,1.41,0.62
ResNet-18,semi-non-IID,5,20,0.77,1.78,0.58
Shokri-CNN,IID,10,10,0.64,1.32,0.65
ResNet-18,IID,10,10,0.78,1.96,0.58
Shokri-CNN,IID,10,10,0.63,1.38,0.64
ResNet-18,IID,10,10,0.79,1.86,0.6
Shokri-CNN,non-IID,10,10,0.6,1.43,0.6
ResNet-18,non-IID,10,10,0.7,1.79,0.51
Shokri-CNN,non-IID,10,10,0.6,1.52,0.58
ResNet-18,non-IID,10,10,0.72,1.52,0.54
Shokri-CNN,semi-non-IID,10,10,0.61,1.39,0.63
ResNet-18,semi-non-IID,10,10,0.74,1.94,0.55
Shokri-CNN,semi-non-IID,10,10,0.6,1.45,0.61
ResNet-18,semi-non-IID,10,10,0.73,1.71,0.57
