_runtime,Validierungs-Loss (Clients aggregiert),Label Distribution Heatmap,Trainings-Loss (Clients aggregiert),_timestamp,Trainings-Accuracy (Clients aggregiert),Test-Loss (Server),"Overfitting-Gap (Clients aggregiert, Loss)","Overfitting-Gap (Server, Accuracy)","Overfitting-Gap (Clients aggregiert, Accuracy)",_step,Validierungs-Accuracy (Clients aggregiert),"Overfitting-Gap (Server, Loss)",Label Distribution Bar,Test-Accuracy (Server)
16.133653681,,"{'path': 'media/images/Label Distribution Heatmap_0_6a4cfca03f93908fee8a.png', 'sha256': '6a4cfca03f93908fee8a5a4b415c550373d60e554e4fc52f78067231f07b9d67', 'size': 39514, 'height': 316, 'width': 670, '_type': 'image-file', 'format': 'png'}",,1764202861.342134,,2.5432231184802476,,,,0,,,"{'format': 'png', 'path': 'media/images/Label Distribution Bar_0_3efae13ed048aaa0c2f4.png', 'sha256': '3efae13ed048aaa0c2f4fbca906d7d54e1390e12688f463dd9ec2101fdb0c7a2', 'size': 19418, 'height': 480, 'width': 640, '_type': 'image-file'}",0.0982
38.0618254,2.538832570688761,,1.55643308558955,1764202885.6797817,0.44355544443055384,2.5466731620740286,,0.23365544443055383,,1,0.21389305347326337,0.9902400764844785,,0.2099
60.432805482,1.9108198891053612,,1.524035177123727,1764202907.7958503,0.5233154144268034,1.904542248460311,1.0147973935650338,0.2022154144268034,0.30942236095354003,2,0.31859070464767614,0.3805070713365839,,0.3211
84.906533671,2.0413021509570517,,1.2356029097827448,1764202929.9430103,0.5825103137892237,2.05362883851498,0.6752169793226164,0.2582103137892237,0.26391960914154755,3,0.33383308345827084,0.8180259287322351,,0.3243
109.298046662,1.654926660732887,,1.1748965973485401,1764202954.221846,0.6283910488811102,1.639941017838973,0.8664055536085116,0.2088910488811102,0.29455796542283935,4,0.41504247876061967,0.46504442049043293,,0.4195
131.686646815,1.8936109172335749,,1.0069685158373958,1764202978.9994414,0.6658332291536442,1.9083023192007331,0.6479581448954912,0.2776332291536442,0.2507907503930245,5,0.39205397301349326,0.9013338033633373,,0.3882
156.010621326,1.6238310874305266,,1.006235853017557,1764203001.1253445,0.694211776472059,1.6127379317826862,0.8873750642160179,0.23931177647205898,0.30215780345856574,6,0.4427786106946527,0.6065020787651292,,0.4549
180.764102558,1.7757432642693016,,0.869262723991298,1764203025.5919387,0.7232154019252407,1.7868582432783102,0.7545683634392286,0.2932154019252407,0.280436791230588,7,0.42903548225887056,0.9175955192870122,,0.43
205.55585393,1.8911370849598947,,0.8389751148437663,1764203050.3054154,0.7587198399799975,1.8813146171690542,0.9367681494255353,0.3464198399799975,0.3296843577211269,8,0.40379810094952523,1.042339502325288,,0.4123
230.101138123,1.8867105257963164,,0.7300497650683275,1764203075.1368356,0.7770346293286661,1.889140412777285,1.1610873198915672,0.36243462932866605,0.37323652837914084,9,0.4142928535732134,1.1590906477089575,,0.4146
252.216299435,1.795866634658743,,0.7475990800918811,1764203099.8802252,0.7899112389048631,1.7861443471304979,1.1391114457044353,0.35751123890486314,0.37561838533164976,10,0.43103448275862066,1.0385452670386166,,0.4324
276.780789878,1.9154066471402524,,0.6480886868045524,1764203121.7736504,0.8099762470308789,1.937238512159903,1.1477779478541907,0.4100762470308789,0.37894176427225823,11,0.40379810094952523,1.2891498253553504,,0.3999
301.625035854,1.9948269437024857,,0.603144217641269,1764203149.0845535,0.8379172396549569,2.004950182347358,1.3122624294989835,0.4401172396549569,0.4341191387054317,12,0.4032983508245877,1.4018059647060892,,0.3978
326.575851831,1.965720560728595,,0.47401681770990933,1764203171.3125367,0.8691711463932992,1.9450273000741307,1.5208101259925764,0.42887114639329915,0.4658727955687115,13,0.4390304847576212,1.4710104823642214,,0.4403
348.881044805,2.0054803250760567,,0.4939326523854311,1764203196.156235,0.8768596074509314,1.9879343087160135,1.471787908343164,0.4383596074509314,0.4378291226933102,14,0.4452773613193403,1.4940016563305825,,0.4385
371.067444525,2.0484036525235747,,0.38228321513447844,1764203218.4142823,0.8941117639704963,2.0492482381530954,1.6231971099415783,0.4586117639704963,0.448834402651156,15,0.43553223388305845,1.666965023018617,,0.4355
395.581849373,2.5334989556323166,,0.3905311728041729,1764203240.5896058,0.9064883110388798,2.5358952253679687,1.6578724797194018,0.5094883110388798,0.4709560771558214,16,0.4017991004497751,2.145364052563796,,0.397
420.661944578,2.1914341320825006,,0.3020387130006531,1764203265.495218,0.9209901237654707,2.1925655226164227,2.2314602426316634,0.49089012376547075,0.5191910233156956,17,0.43203398300849577,1.8905268096157695,,0.4301
442.503446693,2.1971810626159276,,0.28264318024394913,1764203290.112886,0.932616577072134,2.200214926200577,1.9087909518385515,0.49111657707213396,0.5005825940636381,18,0.44802598700649676,1.917571745956628,,0.4415
470.112999408,2.062389654431237,,0.20818550901124264,1764203315.056191,0.9483060382547819,2.071976791454267,1.988995553604685,0.4851060382547819,0.5002800512482851,19,0.4687656171914043,1.8637912824430243,,0.4632
493.039221637,2.009554937835606,,0.18677455308442392,1764203339.771046,0.9571821477684711,2.0024580201016198,1.875615101346813,0.4807821477684711,0.4884165305770668,20,0.47126436781609193,1.815683467017196,,0.4764
517.579744039,1.9292630738877077,,0.15332442897497636,1764203362.5987499,0.9658707338417302,1.9326743747614608,1.8562305088606297,0.48397073384173017,0.49460636602563823,21,0.4817591204397801,1.7793499457864843,,0.4819
539.398529834,1.9491002477768775,,0.1355836342927912,1764203386.9766734,0.9701212651581448,1.9460868639282034,1.7936794395949165,0.4896212651581448,0.4883621447183647,22,0.4835082458770615,1.8105032296354122,,0.4805
564.732702924,1.9895917833488117,,0.11594141761814857,1764203411.940757,0.9751843980497562,1.9847625705260266,1.833158830158729,0.4982843980497562,0.4916761521726947,23,0.4795102448775612,1.868821152907878,,0.4769
589.317835171,1.9840949685457556,,0.10503213613311471,1764203434.2928503,0.9777472184023003,1.9793953307067291,1.884559647215697,0.4952472184023003,0.49823697352473906,24,0.4862568715642179,1.8743631945736143,,0.4825
614.270391299,1.991844249044595,,0.08932888918293339,1764203459.3633738,0.9828728591073884,1.9730488212802741,1.8947660793628223,0.5008728591073884,0.49661598754317055,25,0.47801099450274864,1.8837199320973408,,0.482
636.460609524,1.9705375437499553,,0.0786334950938186,1764203483.7166655,0.9867483435429428,1.952913077571724,1.9132107539507763,0.49474834354294284,0.5087373490401942,26,0.48800599700149927,1.8742795824779055,,0.492
658.468260903,1.980328151424309,,0.06941242482876912,1764203505.9111598,0.9894361795224403,1.9660608783552918,1.9011251189211862,0.4946361795224403,0.5014301825209411,27,0.4917541229385307,1.8966484535265227,,0.4948
685.957980553,2.0136964249471645,,0.061332792388735895,1764203530.843415,0.9919989998749844,2.0069734054275705,1.918995359035573,0.49889899987498443,0.5002448769364537,28,0.4890054972513743,1.9456406130388346,,0.4931
710.684270762,2.042005534071302,,0.05514479700749691,1764203555.4327884,0.9935616952119015,2.0350708433344393,1.9585516279396675,0.5005616952119015,0.5045561979605272,29,0.48875562218890556,1.9799260463269424,,0.493
732.970400018,2.0598593966245113,,0.050277643341225184,1764203580.4022515,0.9943117889736217,2.0548923709724525,1.9917278907300768,0.5024117889736217,0.5055561667847162,30,0.4855072463768116,2.0046147276312274,,0.4919
757.997533219,2.0715449289541166,,0.04514913886037927,1764203603.0977547,0.9951243905488186,2.067173195790641,2.0147102577641323,0.5034243905488186,0.509617144172007,31,0.4852573713143428,2.022024056930262,,0.4917
780.152972609,2.0820882089759993,,0.04080361528986687,1764203627.4149024,0.9959369921240155,2.0787180375449266,2.0307413136642496,0.5047369921240155,0.5106796208096727,32,0.4862568715642179,2.0379144222550596,,0.4912
804.987212381,2.0907369166754113,,0.03673631309683925,1764203649.7341135,0.9963745468183522,2.0868510128576543,2.04535189587916,0.5032745468183523,0.5101176752541343,33,0.48825587206396803,2.050114699760815,,0.4931
827.225573828,2.101253329956535,,0.03323405908300413,1764203674.5535002,0.9969996249531191,2.0962986463232887,2.0575028575924073,0.5029996249531191,0.5087437528891511,34,0.48875562218890556,2.0630645872402846,,0.494
852.320679399,2.1132221370168414,,0.03021882197170288,1764203697.088958,0.9973746718339792,2.1069636646705336,2.071034507984832,0.5031746718339792,0.5086190496450737,35,0.4897551224387806,2.076744842698831,,0.4942
874.888027819,2.1258332075833204,,0.027517484316721543,1764203722.0234294,0.9976872109013627,2.1183795823326594,2.08570465270012,0.5016872109013627,0.5079320884625821,36,0.48825587206396803,2.090862098015938,,0.496
899.583022615,2.138748006563613,,0.02512056466613144,1764203744.3966906,0.9979997499687461,2.1299637314639512,2.100712642917189,0.5028997499687461,0.509743877904778,37,0.48875562218890556,2.10484316679782,,0.4951
924.736952361,2.151313501055809,,0.023153823247260886,1764203772.006775,0.9984998124765596,2.1417256125920936,2.115594183316352,0.5026998124765596,0.509744190287654,38,0.4860069965017491,2.118571789344833,,0.4958
949.151759534,2.1642671446560295,,0.02160575066325302,1764203794.2561932,0.9989373671708963,2.1546157432507864,2.129707750392556,0.5037373671708963,0.5129303706691473,39,0.48575712143928035,2.1330099925875334,,0.4952
974.099909272,2.1773180552091316,,0.020251925949702806,1764203819.1391563,0.9993749218652331,2.1673821422118174,2.144015218706327,0.5049749218652331,0.5136178004259528,40,0.4860069965017491,2.1471302162621146,,0.4944
999.293957973,2.1891986198719593,,0.019181455043413453,1764203846.547087,0.9995624453056632,2.1794921672796903,2.1581366001657183,0.5059624453056633,0.513555448803914,41,0.4867566216891554,2.160310712236277,,0.4936
1023.998373392,2.201676584096967,,0.018236638622261943,1764203868.9417155,0.9996249531191399,2.1920382327671293,2.170961981249697,0.50722495311914,0.5128683314299844,42,0.48700649675162416,2.173801594144867,,0.4924
1048.713568253,2.2127488520072736,,0.01741944306122715,1764203893.6132789,0.9997499687460932,2.2034213331681265,2.18425714103574,0.5085499687460933,0.512743471994469,43,0.4890054972513743,2.1860018901068994,,0.4912
1071.046076446,2.224232249847357,,0.016717365110189012,1764203918.1891825,0.9997499687460932,2.215260126922704,2.1960314868970845,0.5089499687460932,0.5107444714947189,44,0.487256371814093,2.198542761812515,,0.4908
1096.583447332,2.2345932934617534,,0.016103879860459323,1764203941.3824272,0.99981247655957,2.2262246231489544,2.2081283699868974,0.5086124765595699,0.512556104745477,45,0.48650674662668664,2.210120743288495,,0.4912
1121.445310583,2.244159001436667,,0.015582516316192434,1764203966.1902552,0.9999374921865233,2.237060210372828,2.219010777145561,0.5091374921865233,0.5134307455598366,46,0.4855072463768116,2.221477694056636,,0.4908
1143.930895684,2.253817802016018,,0.015124623483414385,1764203991.2419958,0.9999374921865233,2.247289360324039,2.2290343779532527,0.5091374921865233,0.5144302458097116,47,0.48450774612693653,2.2321647368406246,,0.4908
1168.663397514,2.263003009729002,,0.014709881593920605,1764204013.561925,0.9999374921865233,2.25726745098452,2.2391079204220974,0.5099374921865233,0.5154297460595867,48,0.48375812093953025,2.2425575693905997,,0.49
1193.229195108,2.271863143419338,,0.014331113015885058,1764204038.2575881,0.9999374921865233,2.266809024388277,2.248671896713117,0.5108374921865233,0.5161793712469931,49,0.48425787106446777,2.252477911372392,,0.4891
1218.696651835,2.2807520347899164,,0.013983320360830415,1764204065.8544312,1.0,2.2764837243888953,2.2578798230585075,0.511,0.5157421289355322,50,0.48375812093953025,2.262500404028065,,0.489
1243.353907575,2.2889089215381153,,0.013667627556943278,1764204088.2798047,1.0,2.285328810728049,2.267084407232973,0.5107999999999999,0.5162418790604697,51,0.4835082458770615,2.2716611831711058,,0.4892
1267.883863644,2.297159513256986,,0.01337302364706558,1764204112.9181576,1.0,2.2943630022338675,2.2755358978910496,0.5102,0.5164917541229386,52,0.48250874562718643,2.2809899785868017,,0.4898
1292.325632177,2.305301534463798,,0.013098765798631045,1764204137.347885,1.0,2.30290275887598,2.284060747458355,0.5104,0.5174912543728136,53,0.48200899550224885,2.289803993077349,,0.4896
1317.723889108,2.3129684487881805,,0.012836685785964223,1764204165.0815942,1.0,2.3109382617322702,2.292464848677834,0.5107999999999999,0.5179910044977512,54,0.4832583708145927,2.298101575946306,,0.4892
1342.553706404,2.3207832666396024,,0.012596620290184029,1764204187.4770913,1.0,2.3189823461484305,2.3003718284979966,0.5111,0.5167416291854072,55,0.4835082458770615,2.3063857258582465,,0.4889
1367.662296179,2.328604424166596,,0.012371975421429466,1764204212.4102407,1.0,2.3267289430280274,2.308411291218173,0.511,0.5164917541229386,56,0.48300849575212396,2.314356967606598,,0.489
1389.968429746,2.335874334792386,,0.012150851442522037,1764204237.2583404,1.0,2.3340498058101797,2.316453572724074,0.5122,0.5169915042478761,57,0.48250874562718643,2.321898954367658,,0.4878
1414.399787776,2.343444721535526,,0.011942975978827685,1764204259.4647906,1.0,2.341744287104546,2.323931358813558,0.5124,0.5174912543728136,58,0.4827586206896552,2.3298013111257183,,0.4876
1436.682705067,2.3509836923921186,,0.011742112641814562,1764204283.9453914,1.0,2.349065640304662,2.3317026088937114,0.5124,0.5172413793103448,59,0.48225887056471767,2.3373235276628477,,0.4876
1459.177602083,2.3580229721356485,,0.011545986674947812,1764204306.5580251,1.0,2.356348688089395,2.3394377057171707,0.5125,0.5177411294352823,60,0.48125937031484256,2.344802701414447,,0.4875
1484.380934913,2.3650758735310546,,0.011357186555727476,1764204331.8859499,1.0,2.3632027604911903,2.346665785579921,0.5121,0.5187406296851574,61,0.48000999500249875,2.3518455739354627,,0.4879
1509.45894352,2.371986568169943,,0.011177479885162551,1764204356.8868308,1.0,2.370160461981085,2.353898393645892,0.511,0.5199900049975013,62,0.48125937031484256,2.3589829820959225,,0.489
1534.068234945,2.3788990852424408,,0.010997564748161402,1764204379.0572572,1.0,2.376810268510746,2.3609890034217815,0.5109,0.5187406296851574,63,0.4810094952523738,2.3658127037625847,,0.4891
1556.507057112,2.385672741053791,,0.010829606822816078,1764204403.7977026,1.0,2.383339663095112,2.3680694784196246,0.5114000000000001,0.5189905047476262,64,0.4810094952523738,2.372510056272296,,0.4886
1582.232436238,2.3919803703914044,,0.010667006509109312,1764204429.1912758,1.0,2.389743343184266,2.3750057345446813,0.5112,0.5189905047476262,65,0.48225887056471767,2.3790763366751566,,0.4888
1607.622503019,2.398176594307904,,0.01050716415718835,1764204452.570078,1.0,2.395501301258425,2.381473206234216,0.5117,0.5177411294352823,66,0.48200899550224885,2.384994137101237,,0.4883
1632.346020939,2.404226951167799,,0.010354772133636517,1764204477.2919607,1.0,2.4016883509068547,2.3878218221742675,0.5118,0.5179910044977512,67,0.48225887056471767,2.391333578773218,,0.4882
1657.266859089,2.4098640788091474,,0.010200921964864865,1764204501.9881754,1.0,2.407651801652546,2.3940260292029345,0.5119,0.5177411294352823,68,0.4815092453773113,2.3974508796876814,,0.4881
1679.257686762,2.4154110061480423,,0.01006187905720475,1764204526.779546,1.0,2.413033477867706,2.3998021997519428,0.5127999999999999,0.5184907546226887,69,0.4815092453773113,2.402971598810501,,0.4872
1701.959666761,2.421023379044346,,0.009923754512033794,1764204549.3122945,1.0,2.418369445619704,2.4054872516360084,0.5126,0.5184907546226887,70,0.4817591204397801,2.40844569110767,,0.4874
1726.922109985,2.4264135079040403,,0.009794036065478209,1764204571.845665,1.0,2.4235643299320078,2.411229342978868,0.5136000000000001,0.5182408795602199,71,0.4810094952523738,2.4137702938665297,,0.4864
1749.056851199,2.431496156665726,,0.009665040639940932,1764204596.5477211,1.0,2.4285224223438697,2.4167484672640995,0.514,0.5189905047476262,72,0.4810094952523738,2.418857381703929,,0.486
1774.261066125,2.4365202322363975,,0.009539350706413605,1764204618.9744911,1.0,2.4336263046988957,2.4219568059593124,0.5142,0.5189905047476262,73,0.48075962018990503,2.4240869539924823,,0.4858
1798.890175675,2.4413599799151187,,0.009414988576971883,1764204643.6703818,1.0,2.4383906337279306,2.4271052436594256,0.515,0.519240379810095,74,0.4815092453773113,2.4289756451509588,,0.485
1823.645812406,2.445920166525913,,0.009294982809625594,1764204668.5496943,1.0,2.442616153366958,2.4320649971054933,0.5152,0.5184907546226887,75,0.48050974512743627,2.4333211705573325,,0.4848
1848.312607208,2.4504056870349045,,0.00917876057680609,1764204693.2455447,1.0,2.447380041774315,2.4367414059491073,0.515,0.5194902548725637,76,0.4802598700649675,2.438201281197509,,0.485
1876.699205391,2.4549081737848595,,0.009066804322779334,1764204721.3353589,1.0,2.4515454225902316,2.441338882712125,0.5151,0.5197401299350325,77,0.4802598700649675,2.4424786182674523,,0.4849
1901.905326102,2.458921228830276,,0.00895432269018502,1764204749.3517241,1.0,2.455430276786225,2.4459538510946746,0.5161,0.5197401299350325,78,0.48000999500249875,2.44647595409604,,0.4839
1924.421392677,2.4634783881290563,,0.00884654795563514,1764204771.443128,1.0,2.4599433413034753,2.450074680874641,0.5163,0.5199900049975013,79,0.48050974512743627,2.45109679334784,,0.4837
1949.569073751,2.4675745601701116,,0.008739824996371466,1764204794.3391998,1.0,2.46386068078536,2.454738563132685,0.5158,0.5194902548725637,80,0.4810094952523738,2.4551208557889885,,0.4842
1972.303630602,2.4712018712312505,,0.008636890463137108,1764204819.6746087,1.0,2.4673568221587168,2.4589376697069745,0.5161,0.5189905047476262,81,0.48075962018990503,2.4587199316955797,,0.4839
2000.102609394,2.475094004717843,,0.008537660800046257,1764204844.909299,1.0,2.471315795862222,2.462664210431204,0.5162,0.519240379810095,82,0.4817591204397801,2.462778135062176,,0.4838
2025.077441184,2.4791067829300677,,0.008441336866968603,1764204869.68654,1.0,2.4751103920272635,2.4666526678508744,0.5155000000000001,0.5182408795602199,83,0.4810094952523738,2.466669055160295,,0.4845
2049.93362989,2.482575142090169,,0.008344338959211028,1764204894.68354,1.0,2.4783321890649916,2.4707624439708566,0.5158,0.5189905047476262,84,0.48000999500249875,2.4699878501057806,,0.4842
2072.318456723,2.486022692029623,,0.008251565685011144,1764204919.6276786,1.0,2.481690495829039,2.474323576405158,0.5162,0.5199900049975013,85,0.4802598700649675,2.473438930144028,,0.4838
2096.939994253,2.489523366696831,,0.008160074041149037,1764204941.9166114,1.0,2.485033990461615,2.477862617988474,0.5164,0.5197401299350325,86,0.48075962018990503,2.476873916420466,,0.4836
2121.730993347,2.4926649284602584,,0.00807039547064534,1764204966.654582,1.0,2.4880500322655785,2.4814529712261857,0.5162,0.519240379810095,87,0.4802598700649675,2.4799796367949334,,0.4838
2146.333246434,2.495704362109147,,0.007983177063524385,1764204991.2072668,1.0,2.4911645786671697,2.484681751396734,0.516,0.5197401299350325,88,0.47976011994003,2.483181401603645,,0.484
2170.791003395,2.498873669749823,,0.007897791315423269,1764205015.8262334,1.0,2.494428260416924,2.487806570793724,0.5163,0.52023988005997,89,0.4802598700649675,2.486530469101501,,0.4837
2193.510894213,2.5023344304436805,,0.007815977433758423,1764205040.7682533,1.0,2.4973840124999422,2.4910576923160646,0.516,0.5197401299350325,90,0.48075962018990503,2.489568035066184,,0.484
2218.667249573,2.505339099039351,,0.007734741024290771,1764205063.1944773,1.0,2.500421166419983,2.4945996894193896,0.516,0.519240379810095,91,0.48125937031484256,2.492686425395692,,0.484
2241.537096823,2.508243497684114,,0.007656007330299733,1764205088.9105084,1.0,2.5031623221650907,2.4976830917090513,0.5158,0.5187406296851574,92,0.48125937031484256,2.495506314834791,,0.4842
2264.449291584,2.5111563826928376,,0.00757926599632896,1764205111.3283374,1.0,2.5060287457478196,2.5006642316877854,0.5164,0.5187406296851574,93,0.48075962018990503,2.498449479751491,,0.4836
2286.599205727,2.5132647079111696,,0.00750466868772005,1764205133.914789,1.0,2.5081370465363126,2.5036517140051173,0.5164,0.519240379810095,94,0.4810094952523738,2.5006323778485924,,0.4836
2312.467478385,2.516003444440093,,0.007429759833627047,1764205157.3939126,1.0,2.5108197520050823,2.5058349480775424,0.5164,0.5189905047476262,95,0.4810094952523738,2.503389992171455,,0.4836
2337.335898019,2.5186611989508383,,0.0073580784499603195,1764205182.14178,1.0,2.513575128362149,2.508645365990133,0.5165,0.5189905047476262,96,0.4815092453773113,2.5062170499121885,,0.4835
2359.419987481,2.5210921983214574,,0.007288558987462653,1764205206.9074955,1.0,2.5158165964899184,2.511372639963376,0.5166999999999999,0.5184907546226887,97,0.48125937031484256,2.508528037502456,,0.4833
2384.1143173,2.5229930876382345,,0.007221383438620661,1764205228.990304,1.0,2.5179179665408555,2.5138708148828366,0.5169,0.5187406296851574,98,0.4817591204397801,2.5106965831022348,,0.4831
2406.477477191,2.525495876474627,,0.0071542228198067884,1764205253.5949337,1.0,2.520259707788878,2.5158388648184276,0.5169,0.5182408795602199,99,0.48075962018990503,2.513105484969071,,0.4831
2420.070075317,2.52779527410068,,0.007088949649058637,1764205277.6244886,1.0,2.5225746299647076,2.5184069268255684,0.517,0.519240379810095,100,0.48050974512743627,2.515485680315649,,0.483
