"Overfitting-Gap (Server, Accuracy)","Overfitting-Gap (Server, Loss)",Validierungs-Accuracy (Clients aggregiert),"Overfitting-Gap (Clients aggregiert, Accuracy)",Test-Loss (Server),Label Distribution Bar,_timestamp,Trainings-Loss (Clients aggregiert),"Overfitting-Gap (Clients aggregiert, Loss)",Trainings-Accuracy (Clients aggregiert),_step,Validierungs-Loss (Clients aggregiert),_runtime,Label Distribution Heatmap,Test-Accuracy (Server)
,,,,2.3102264796631244,"{'_type': 'image-file', 'format': 'png', 'path': 'media/images/Label Distribution Bar_0_b31c7f9d1bac2f62f456.png', 'sha256': 'b31c7f9d1bac2f62f456540caae1990bae00bb18f97e85c56c722bd7ddb9cf9a', 'size': 20171, 'height': 480, 'width': 640}",1764209820.1873493,,,,0,,15.009574376,"{'height': 316, 'width': 670, '_type': 'image-file', 'format': 'png', 'path': 'media/images/Label Distribution Heatmap_0_def06f52f2dc49fd98bc.png', 'sha256': 'def06f52f2dc49fd98bcf57e457bb13544869a4aa98fdcc317055a59f452c382', 'size': 45466}",0.1181
0.048507888486060746,0.12243127604895232,0.31384307846076964,,1.979579201227502,,1764209845.5107222,1.8571479251785497,,0.36310788848606074,1,1.9957381784208699,37.347358502,,0.3146
0.07911732716589576,0.18005334377046123,0.3543228385807096,0.1247742487051261,1.8386975813515578,,1764209864.8838933,1.6586442375810966,0.3370939408397733,0.43861732716589574,2,1.8477044751012532,59.690208437,,0.3595
0.08608414801850234,0.1970809545823733,0.383808095952024,0.11886130943779272,1.747346956518632,,1764209887.2094178,1.5502660019362586,0.2974384731649946,0.47318414801850234,3,1.7611441921638453,82.018243131,,0.3871
0.09251291411426427,0.20800521942100225,0.4077961019490255,0.11950481816224029,1.6720900716660898,,1764209909.5579333,1.4640848522450876,0.29705933991875777,0.5033129141142643,4,1.6904454390596066,101.40048499,,0.4108
0.10109114889361176,0.21852282662068379,0.42828585707146427,0.12139504694458625,1.6083484390113927,,1764209928.9337535,1.389825612390709,0.30061982666889775,0.5291911488936117,5,1.6300826459276827,120.753327477,,0.4281
0.09939364920615079,0.22436668922851366,0.44802598700649676,0.1209077921346865,1.545071636574178,,1764209948.5710368,1.3207049473456642,0.30937769858201847,0.5491936492061508,6,1.5704983020468595,140.39783495,,0.4498
0.10265840730091258,0.23529069003424596,0.4645177411294353,0.11923242029441583,1.4935625972627085,,1764209967.9247067,1.2582719072284625,0.312226394818397,0.5672584073009126,7,1.522937525705345,159.76711083,,0.4646
0.10679777472184021,0.24929149710868437,0.47476261869065467,0.11768003359240492,1.4552057966401306,,1764209987.295743,1.2059142995314462,0.3170232261738988,0.5821977747218402,8,1.4865877655615312,179.131540018,,0.4754
0.11239989998749844,0.263203330668901,0.4847576211894053,0.12443728129684378,1.4248271169541757,,1764210006.657654,1.1616237862852747,0.3249639792762564,0.5991998999874985,9,1.4573091103682259,198.49286325,,0.4868
0.11953920490061254,0.2761051218909263,0.49450274862568716,0.12888158371120723,1.3973579693444167,,1764210029.043147,1.1212528474534904,0.33605626291473545,0.6136392049006125,10,1.4305033474397408,220.864469003,,0.4941
0.12332854106763347,0.2888836325655013,0.4992503748125937,0.1338257924419463,1.3718061024629618,,1764210048.40291,1.0829224698974604,0.3475808775422804,0.6283285410676335,11,1.405408374968463,240.249957898,,0.505
0.13000552569071133,0.30177191419514715,0.5062468765617192,0.1449551508781176,1.348016485383239,,1764210067.7707212,1.0462445711880919,0.35916380378037105,0.6442055256907113,12,1.3820059383483985,259.602570927,,0.5142
0.13650721340167526,0.31518542585937936,0.5177411294352824,0.15146033683995608,1.3262583304055129,,1764210087.1503124,1.0110729045461335,0.37093303380226494,0.6577072134016753,13,1.360625023449061,278.983938264,,0.5212
0.13999611201400175,0.32954291577841255,0.52023988005997,0.1511549825787194,1.3068067408815216,,1764210106.5195632,0.977263825103109,0.38336119834595206,0.6688961120140018,14,1.3414504329731787,298.366382016,,0.5289
0.14782244030503822,0.3454366224571547,0.5279860069965018,0.15928256024506815,1.2899214165120185,,1764210125.9408953,0.9444847940548639,0.3969656389183148,0.6795224403050382,15,1.3246992648972946,317.772292829,,0.5317
0.15218632329041126,0.36260022560481076,0.5332333833083458,0.16260031629390947,1.2750362821772128,,1764210145.3206193,0.912436056572402,0.4122632083248926,0.6905863232904113,16,1.3099182138869243,340.115674711,,0.5384
0.1620130266283285,0.3808775940933744,0.5389805097451275,0.17097964331998272,1.2618518547166753,,1764210167.671807,0.8809742606233009,0.42894395326362345,0.7042130266283285,17,1.2968959276718928,359.49691538,,0.5422
0.169689573696712,0.3999695017673601,0.5474762618690655,0.1776090639515846,1.2499561053288133,,1764210187.0378299,0.8499866035614532,0.4469093241104396,0.7165895736967121,18,1.285267539887367,378.874655622,,0.5469
0.17540336292036507,0.42005064393705627,0.5507246376811594,0.17942710105129955,1.2393583489369742,,1764210206.408744,0.8193077049999179,0.4659598348874491,0.7269033629203651,19,1.2749862325798667,398.41752835,,0.5515
0.1842049881235155,0.44076600176927283,0.5562218890554723,0.18918035044235604,1.2296878748302218,,1764210225.9767647,0.788921873060949,0.4860643595189177,0.7399049881235155,20,1.2658230689005183,420.773230369,,0.5557
0.1934815976997124,0.4620946425200927,0.5577211394302849,0.1965597086442401,1.2209645502174957,,1764210248.2951376,0.758869907697403,0.5069531612031153,0.7527815976997124,21,1.2577908128869166,440.142254407,,0.5593
0.20290811351418925,0.4840086595377274,0.5609695152423788,0.2071869740839044,1.213187107556983,,1764210270.7702188,0.7291784480192555,0.5286123648676612,0.7649081135141893,22,1.2508199972906437,462.597537465,,0.562
0.2109969496187023,0.5063422858774836,0.5632183908045977,0.21462743437632348,1.2062918596629855,,1764210290.8533087,0.6999495737855018,0.5508704235051419,0.7755969496187023,23,1.244963288205213,485.65292971,,0.5646
0.22039857482185266,0.5291824148253179,0.567216391804098,0.22538018401725501,1.2004880512816996,,1764210313.188637,0.6713056364563816,0.5736576517488314,0.7885985748218527,24,1.240304052898231,505.01662075,,0.5682
0.23027505938242276,0.552207201216929,0.5709645177411294,0.2332586675783248,1.1956004485299316,,1764210335.578821,0.6433932473130026,0.5969108055852284,0.8004750593824228,25,1.2369317001580005,527.409848711,,0.5702
0.24025160645080634,0.575446663327727,0.571464267866067,0.2418870887096769,1.1917735028870498,,1764210354.9424722,0.6163268395593228,0.6206048605986777,0.8128516064508063,26,1.2347528870742914,546.777390703,,0.5726
0.24814031753969246,0.5987332110155428,0.5757121439280359,0.2510760496736255,1.1890635422513456,,1764210374.308894,0.5903303312358028,0.6444225558384886,0.8225403175396925,27,1.233830042513498,566.153083782,,0.5744
0.25750407550943877,0.6218637386049602,0.5767116441779111,0.2568919315814028,1.1874789655963076,,1764210393.6879988,0.5656152269913474,0.6682148155221507,0.8326040755094387,28,1.2339056416987197,585.515635469,,0.5751
0.2658927865983247,0.644381870361929,0.5747126436781609,0.26558114242041364,1.1868417919436587,,1764210413.061816,0.5424599215817297,0.69144572011699,0.8422927865983247,29,1.2343556294667086,604.890314326,,0.5764
0.2742063882985374,0.6645911757816807,0.5759620189905047,0.27639374462037647,1.185683029361918,,1764210432.446356,0.5210918535802374,0.7132637758864713,0.8511063882985374,30,1.2335826613936787,624.280385604,,0.5769
0.278307263407926,0.6805268083697645,0.5779610194902549,0.2821452444174213,1.1823673972600623,,1764210451.8295739,0.5018405888902978,0.7317420725033809,0.858107263407926,31,1.230493922008181,643.650604807,,0.5798
0.2815580447555944,0.6941515206745568,0.5814592703648176,0.2863970252653395,1.1799158574659614,,1764210471.1958694,0.4857643367914046,0.7447295852167763,0.8643580447555944,32,1.2284515261570652,663.037307919,,0.5828
0.2859834979372422,0.7145969247770965,0.5769615192403799,0.2865242275724246,1.1846460737759554,,1764210493.5834222,0.47004914899885897,0.7584023771582062,0.8679834979372422,33,1.2333773697766892,688.382924891,,0.582
0.29822174021752723,0.7538846895630471,0.5729635182408795,0.29696022097714736,1.204985179478609,,1764210515.9716237,0.45110048991556195,0.7822768798611273,0.8739217402175272,34,1.2539116830371628,710.773483746,,0.5757
0.3107977872234029,0.7822207937564836,0.5709645177411294,0.30933426898252336,1.2148800884621054,,1764210538.319363,0.43265929470562176,0.821252388331541,0.8822977872234029,35,1.2648945723217695,733.130640162,,0.5715
0.30797333416677086,0.7834705824900837,0.5762118940529735,0.3157088164256414,1.1982246493991418,,1764210563.6607635,0.41475406690905803,0.8501405054127115,0.8866733341667709,36,1.2515221897801467,755.494092793,,0.5787
0.3100367170896362,0.7912873182274973,0.5839580209895052,0.31752482303666274,1.1891838108436972,,1764210583.0453937,0.3978964926161998,0.8536256971639469,0.8937367170896362,37,1.2430871112809474,774.865912664,,0.5837
0.3180624828103513,0.8149443493281959,0.5827086456771614,0.3159044618208461,1.1954059283944625,,1764210602.4129043,0.38046157906626654,0.8626255322146809,0.8998624828103513,38,1.246536523416121,797.211733568,,0.5818
0.3272134516814602,0.8467541280865144,0.5814592703648176,0.32490480600429883,1.2071561579462848,,1764210627.7684226,0.36040202985977043,0.8861344935563505,0.9076134516814602,39,1.255191983051736,819.61314165,,0.5804
0.33433915489436183,0.8693012920818557,0.5817091454272864,0.3317798845295442,1.2103093628641926,,1764210650.3024027,0.34100807078233686,0.9141839122693991,0.9132391548943618,40,1.256597804920878,845.106238239,,0.5789
0.3382899987498438,0.8833854679022581,0.585207396301849,0.3382808533225574,1.2061669758603544,,1764210672.6865866,0.32278150795809624,0.9338162969627817,0.9199899987498438,41,1.252454523252399,864.518506219,,0.5817
0.34097827228403543,0.8954420576073385,0.5857071464267866,0.34097087598218645,1.2011999457697324,,1764210692.5010066,0.30575788816239385,0.946696635090005,0.9261782722840355,42,1.2483574429426139,884.321563907,,0.5852
0.34137877234654335,0.9090933054456934,0.5882058970514743,0.3444716259197568,1.1991852189921126,,1764210711.867947,0.29009191354641917,0.9582655293961947,0.9301787723465433,43,1.2481711656904961,903.705777786,,0.5888
0.34475438179772466,0.9249354565734507,0.5894552723638181,0.3468484847462504,1.2007142569445357,,1764210731.2727106,0.27577880037108504,0.9723923653194111,0.9350543817977247,44,1.2518281981826718,924.270020904,,0.5903
0.34767995999499945,0.941172456282035,0.5904547726136932,0.3502246876311813,1.2035225003580503,,1764210751.830185,0.26235004407601525,0.9894781541066565,0.9396799599949994,45,1.2566510168745735,946.646249532,,0.592
0.3504553819227403,0.9569022984371541,0.5899550224887556,0.35260060930904713,1.2062892197053643,,1764210774.2228017,0.24938692126821016,1.0072640956063634,0.9430553819227403,46,1.2610734397102792,966.068000135,,0.5926
0.35553092886610826,0.9722788575947443,0.5897051474262869,0.3574759063773526,1.209062445012829,,1764210793.6665487,0.23678358741808458,1.0242898522921946,0.9474309288661082,47,1.2645431870124875,988.509048928,,0.5919
0.35944390548818606,0.9872409224714753,0.5899550224887556,0.36153875806189917,1.2120550516285473,,1764210816.075311,0.22481412915707205,1.0397290578554155,0.951243905488186,48,1.2671566453093306,1007.909301078,,0.5918
0.363019452431554,1.0017456798359792,0.5892053973013494,0.36566442994279835,1.2155129381372958,,1764210835.451918,0.21376725830131654,1.053389387008014,0.955619452431554,49,1.2697710827268298,1027.277173108,,0.5926
0.3651947493436679,1.0156389941594568,0.5884557721139431,0.36878935204231855,1.2191733333128918,,1764210854.855872,0.2035343391534349,1.0662367435733948,0.9579947493436679,50,1.2724647676304033,1049.660125006,,0.5928
0.3684450306288286,1.0293589394065477,0.5882058970514743,0.37178925851488553,1.223456608343728,,1764210877.206016,0.19409766893718025,1.078367098693223,0.9602450306288286,51,1.2758078383811202,1069.034604144,,0.5918
0.37153286660832596,1.042979540178078,0.5894552723638181,0.3747269695568517,1.2283334362355969,,1764210899.597864,0.18535389605751895,1.0904539423236013,0.962932866608326,52,1.2797573526271806,1091.426324429,,0.5914
0.37424565570696344,1.0563758240988321,0.5884557721139431,0.3757903833431453,1.2336079749879958,,1764210921.9893084,0.17723215088916366,1.102525201738017,0.9652456557069634,53,1.2841764093304018,1113.833597661,,0.591
0.37693349168646084,1.069256093979376,0.5879560219890055,0.37947771957251775,1.2389129566240915,,1764210941.397986,0.16965686264471552,1.1145195466856863,0.9679334916864608,54,1.2887875262748456,1136.202092685,,0.591
0.3791961870233779,1.0813778826648732,0.5892053973013494,0.3815401650343724,1.2439716662032694,,1764210963.8250191,0.1625937835383962,1.1261937427364495,0.9694961870233779,55,1.2933328230470094,1158.625750578,,0.5903
0.3806213901737717,1.0923942247878056,0.5892053973013494,0.3819159928724224,1.248391880264765,,1764210986.1856072,0.15599765547695948,1.1373351675700498,0.9711213901737717,56,1.297458045990904,1178.011821297,,0.5905
0.3825341167645956,1.1023098681803123,0.5899550224887556,0.38372871946324627,1.2521071524559697,,1764211005.5811584,0.14979728427565736,1.1476607617152466,0.9729341167645956,57,1.3010830352299796,1200.400733453,,0.5904
0.3843593824228029,1.1109362438430759,0.5909545227386307,0.38510435993404724,1.2549021410036691,,1764211028.7009983,0.14396589716059324,1.1571171380693863,0.9750593824228029,58,1.304036003312533,1220.531348313,,0.5907
0.3841220152519065,1.1183718575943524,0.5919540229885057,0.38516749251327576,1.2568398314186289,,1764211048.0825968,0.13846797382427642,1.1655680294882567,0.9761220152519064,59,1.3063159206240196,1239.916659716,,0.592
0.385809726215777,1.124886781302315,0.5937031484257871,0.38585570322727125,1.258162021636963,,1764211067.8942423,0.13327524033464794,1.1730406802893716,0.977809726215777,60,1.3081471291205546,1259.710642696,,0.592
0.38670991373921737,1.1306623092219168,0.5922038980509745,0.3856067653134303,1.2590291281289692,,1764211087.2661974,0.12836681890705245,1.1797803102135023,0.9793099137392174,61,1.3096604766158948,1282.064257735,,0.5926
0.38636007000875117,1.1359216433635249,0.592703648175912,0.3883561719577766,1.2596485063999514,,1764211109.6169233,0.12372686303642662,1.1859336135794682,0.9805600700087511,62,1.3110158303851691,1301.448551608,,0.5942
0.3875477184648082,1.1409437408684162,0.592703648175912,0.3890440702888961,1.2602681842031358,,1764211128.9934204,0.11932444333471952,1.1916913870504495,0.9817477184648081,63,1.3124036142940465,1320.834767298,,0.5942
0.38728533566695833,1.1458261275721955,0.5919540229885057,0.38998168749104634,1.260969739171523,,1764211148.3958178,0.11514361159932766,1.1972600026947189,0.9826853356669584,64,1.313871184794226,1340.244237485,,0.5954
0.3860603825478185,1.1507393988455017,0.5924537731134433,0.3911063595593127,1.2619065996966785,,1764211167.812652,0.11116720085117691,1.2027039839430491,0.9830603825478185,65,1.3155592650482446,1359.643253869,,0.597
0.3859104763095387,1.1556073196720784,0.5934532733633183,0.3913567031960954,1.2630051283896724,,1764211190.1799664,0.10739780871759398,1.2081614563306506,0.9838104763095387,66,1.3173698384309076,1382.01248118,,0.5979
0.38559806225778226,1.160510785761105,0.5947026486756621,0.3910447888944639,1.2643285869043084,,1764211209.5563366,0.10381780114320328,1.2135520372877042,0.9844980622577822,67,1.3193551342055923,1401.390507651,,0.5989
0.38657317164645577,1.1653616413893442,0.5929535232383808,0.39067052297079363,1.265773204308522,,1764211229.4597688,0.10041156291917781,1.2189435712864145,0.9853731716464558,68,1.3214214204607253,1421.298105244,,0.5988
0.38626075759469936,1.1702164941419522,0.5912043978010995,0.39310723435631856,1.2673909015293363,,1764211248.8403203,0.09717440738738424,1.2242470130733412,0.9860607575946994,69,1.323577978284644,1440.67010772,,0.5998
0.3868233279159895,1.1750024787163627,0.591704147926037,0.39541893011489004,1.2690891910202895,,1764211268.2317839,0.09408671230392673,1.2294912659807173,0.9866233279159895,70,1.3257753425908143,1460.058525325,,0.5998
0.3872484060507564,1.1796948605665916,0.591704147926037,0.3955442581247194,1.270839412755604,,1764211287.6017303,0.0911445521890125,1.234630790401802,0.9872484060507564,71,1.3279787164363186,1479.450482171,,0.6
0.3872109763720465,1.1843065475322452,0.5934532733633183,0.39610682844600953,1.2726489939267123,,1764211306.9943929,0.08834244639446716,1.2396362700418515,0.9878109763720465,72,1.3301948453327979,1498.816462496,,0.6006
0.3872735466933367,1.1887582984511658,0.5947026486756621,0.39492027333001833,1.2744253805921049,,1764211326.3735697,0.08566708214093902,1.2445277631918588,0.9883735466933367,73,1.3323138677509772,1518.195149806,,0.6011
0.38836113264158023,1.1931205882034632,0.5952023988005997,0.3943584839659181,1.2762335614313054,,1764211345.749675,0.08311297322784217,1.249200894523135,0.9890611326415802,74,1.3343929142531412,1537.58498447,,0.6007
0.3877736717089636,1.1973493676311997,0.5957021489255372,0.39417127290836396,1.2780247021325026,,1764211365.5570254,0.08067533450130288,1.2537175797518383,0.9893736717089636,75,1.3364383397980923,1560.365855757,,0.6016
0.38739874984373046,1.2014030722044984,0.5967016491754122,0.3942966009181933,1.279750706274298,,1764211387.9391043,0.07834763406979972,1.2580907057282926,0.9899987498437305,76,1.3383644815438052,1579.775380068,,0.6026
0.38719881235154396,1.2053268101227599,0.5967016491754122,0.39379716317613167,1.2814449939546706,,1764211407.343401,0.07611818383191073,1.2622462977118944,0.9904988123515439,77,1.3402416643634056,1599.165127776,,0.6033
0.38724884360545064,1.2091088674846024,0.5987006496751625,0.39404719443003844,1.2830948739112178,,1764211426.7245321,0.07398600642661526,1.2662556579367903,0.9907488436054507,78,1.3420172135244386,1618.551922469,,0.6035
0.38737392174021756,1.2127548596204736,0.5987006496751625,0.3926732720650551,1.284701583506186,,1764211446.1163402,0.07194672388571224,1.2700704896387263,0.9913739217402175,79,1.3437388720923484,1640.922935792,,0.604
0.38779899987498445,1.216256149496328,0.5994502748625687,0.39329835019982196,1.2862482282179821,,1764211468.507467,0.06999207872165424,1.2737467933706943,0.9919989998749844,80,1.3453556407594989,1660.341836573,,0.6042
0.38796157019627453,1.2196372740266648,0.5999500249875063,0.3931112953337058,1.2877586853655079,,1764211490.8841517,0.06812141133884302,1.2772342294206558,0.9925615701962746,81,1.346926383904501,1682.715795056,,0.6046
0.3880615701962745,1.222891809640335,0.6014492753623188,0.3926115452087683,1.2892225211179709,,1764211510.2589996,0.06633071147763596,1.280595672426865,0.9925615701962746,82,1.3484233614651526,1702.108049659,,0.6045
0.38872414051756465,1.2260568152206184,0.6009495252373813,0.39167486515524585,1.2906643703014036,,1764211529.7089612,0.0646075550807853,1.2838158063843674,0.9931241405175647,83,1.3498696520460154,1721.557678173,,0.6044
0.38909918739842475,1.229105928825238,0.6021989005497251,0.3925496621610435,1.2920603216448916,,1764211549.1739063,0.06295439281965359,1.2869152592263617,0.9934991873984248,84,1.3512657293799006,1743.976640652,,0.6044
0.38924921865233153,1.2320759383738442,0.6039480259870065,0.39155031810260643,1.2934426846383493,,1764211571.5453696,0.061366746264505084,1.2898989831153955,0.9937492186523316,85,1.3526086111974256,1763.367227439,,0.6045
0.38888677334666844,1.2349300563145162,0.6049475262368815,0.3902387473596619,1.294769823551178,,1764211590.9342873,0.05983976723666176,1.2927688439607639,0.9941867733466684,86,1.35388386132428,1782.759638932,,0.6053
0.3890993124140517,1.2377079460278895,0.605447276361819,0.38955178617717023,1.2960805161089837,,1764211610.3227494,0.058372570081094116,1.2955112912431859,0.9944993124140518,87,1.3551310235601357,1802.154173288,,0.6054
0.38897435929491186,1.2403809234428076,0.6056971514242878,0.3894270829330928,1.2973385853103445,,1764211629.724941,0.05695766186753692,1.2981733616925988,0.9948743592949119,88,1.3563105865337217,1824.51965141,,0.6059
0.38922439054881863,1.2430033611311628,0.6064467766116941,0.3894272391245308,1.2985976640182206,,1764211652.080545,0.05559430288705776,1.300716283646664,0.9951243905488186,89,1.3574611073022849,1843.918007818,,0.6059
0.38881191398924864,1.2455485214142268,0.6066966516741629,0.38886513737755457,1.2998289028300514,,1764211671.5135436,0.05428038141582454,1.3031807258864603,0.9953119139892487,90,1.3585903299554292,1863.336292427,,0.6065
0.38792445305663203,1.2480212830868325,0.607696151924038,0.3889278013824692,1.3010340061368821,,1764211690.8933237,0.053012723050049615,1.3055776069053795,0.995624453056632,91,1.3596539394496028,1882.703597276,,0.6077
0.3876869608701088,1.2504532455508035,0.6071964017991005,0.38799080894607074,1.30224397363542,,1764211710.4982908,0.0517907280846166,1.3078632113649862,0.9956869608701088,92,1.3607035020038736,1902.325264152,,0.608
0.38777448431053885,1.2528028524703574,0.6064467766116941,0.3886780825114383,1.303412736971167,,1764211732.929691,0.05060988450080963,1.310093617503064,0.9958744843105388,93,1.3617228465859033,1924.769989652,,0.6081
0.3877994999374922,1.2551165626141223,0.6066966516741629,0.38955272332579804,1.3045864904983133,,1764211752.3347645,0.04946992788419094,1.3122529187017122,0.9959994999374921,94,1.3627162606127257,1947.302518255,,0.6082
0.38762451556444555,1.257378398150738,0.6061969015492253,0.3894278638902827,1.3057477021519142,,1764211774.89018,0.04836930400117607,1.3143469566115495,0.9961245155644456,95,1.3636876332445826,1969.68604586,,0.6085
0.38768702337792216,1.2595895572292661,0.6056971514242878,0.38999012182869686,1.3068953737427917,,1764211797.2393878,0.04730581651352564,1.316381816731057,0.9961870233779222,96,1.3646423907918224,1989.095438431,,0.6085
0.38783705463182894,1.2617338898775161,0.6059470264867566,0.39073990320754115,1.3080136247828036,,1764211816.6695275,0.04627973490528744,1.318362655886535,0.996437054631829,97,1.365554813548198,2008.493399025,,0.6086
0.388312101512689,1.2638389598445086,0.6056971514242878,0.3908650750259325,1.3091277155695082,,1764211836.1814635,0.04528875572499974,1.3202660578231984,0.9968121015126891,98,1.3664514734412923,2030.982286237,,0.6085
0.3888746093261658,1.265867005358014,0.6059470264867566,0.39117745790187797,1.3101996326748329,,1764211858.5494933,0.04433262731681881,1.3221188461244735,0.9968746093261658,99,1.367310792453374,2050.38438343,,0.608
0.38873711713964254,1.2678979724688688,0.6064467766116941,0.3909900906528859,1.3113071254537076,,1764211879.0111783,0.04340915298483893,1.3239016394685352,0.9969371171396425,100,1.368188522329959,2062.208163049,,0.6082
