Validierungs-Accuracy (Clients aggregiert),Test-Loss (Server),Validierungs-Loss (Clients aggregiert),"Overfitting-Gap (Server, Loss)","Overfitting-Gap (Clients aggregiert, Accuracy)",Label Distribution Bar,Trainings-Loss (Clients aggregiert),_runtime,Label Distribution Heatmap,Trainings-Accuracy (Clients aggregiert),_step,_timestamp,Test-Accuracy (Server),"Overfitting-Gap (Clients aggregiert, Loss)","Overfitting-Gap (Server, Accuracy)"
,2.3102264796631244,,,,"{'sha256': '82dbd419dc620f83a5a7183147cbfd5d6decf50d99aa8151db2628c9bf87ef19', 'size': 18935, 'height': 480, 'width': 640, '_type': 'image-file', 'format': 'png', 'path': 'media/images/Label Distribution Bar_0_82dbd419dc620f83a5a7.png'}",,22.818730586,"{'_type': 'image-file', 'format': 'png', 'path': 'media/images/Label Distribution Heatmap_0_c4c486a8b178a1d733df.png', 'sha256': 'c4c486a8b178a1d733df876dadce797f1d5a196f1b7d27fdebf4549d73c5df03', 'size': 31357, 'height': 316, 'width': 424}",,0,1764263049.086227,0.1181,,
0.38025,1.7472325005108797,1.7624152451753616,-0.24179635635695584,,,1.9890288568678356,45.074982727,,0.2843125,1,1764263074.356491,0.3887,,-0.10438749999999997
0.44275,1.5655617985544326,1.5815701261162758,-0.1104699659831363,0.029937500000000006,,1.6760317645375689,64.316798029,,0.4101875,2,1764263096.5919676,0.4489,0.08638348063779278,-0.03871250000000004
0.48425,1.4279003822350804,1.4458460696041584,-0.08001119298390758,0.027500000000000024,,1.507911575218988,83.898089499,,0.47025,3,1764263116.175335,0.4929,0.07365855089728779,-0.022650000000000003
0.507,1.343900224830531,1.3626710958778858,-0.04835311162177147,0.02512500000000001,,1.3922533364523024,106.128893224,,0.509375,4,1764263135.4154637,0.5223,0.053592733151855976,-0.012924999999999964
0.53975,1.277785607531101,1.2923557870090008,-0.02603103644114446,0.03674999999999995,,1.3038166439722454,125.480203522,,0.54375,5,1764263157.750374,0.5461,0.058854451905640426,-0.0023500000000000743
0.55275,1.2347131741197803,1.2457942888140678,0.003524239172963295,0.027312500000000073,,1.231188934946817,147.700546534,,0.5670625,6,1764263176.9806607,0.56,0.06116685206218375,0.007062499999999972
0.569,1.1971667341039152,1.2074252367019653,0.02399632081416403,0.034812500000000024,,1.1731704132897511,166.962595447,,0.5875625,7,1764263199.2289886,0.5715,0.0726238755243167,0.01606249999999998
0.5815,1.15757369240628,1.1686569843441248,0.0325226438663464,0.03575000000000006,,1.1250510485399337,186.202775673,,0.60475,8,1764263218.4752913,0.588,0.08237418816203168,0.016750000000000043
0.5915,1.133538785614545,1.137568037956953,0.05215100843743037,0.04031249999999997,,1.0813877771771145,205.441367638,,0.6218125,9,1764263237.7147028,0.5985,0.08726920716701025,0.023312499999999958
0.6075,1.102101768873915,1.111955240368843,0.06950267923627984,0.049124999999999974,,1.0325990896376351,224.704452181,,0.640625,10,1764263256.9785795,0.6109,0.10496894831931791,0.029725
0.61525,1.0788840161094182,1.0911517851054668,0.09740661360399772,0.046937499999999965,,0.9814774025054205,246.946407873,,0.6544375,11,1764263276.2266736,0.618,0.1304778378634226,0.03643750000000001
0.61775,1.0605747073511533,1.074435718357563,0.12861857084066763,0.059250000000000025,,0.9319561365104857,266.183577382,,0.6745,12,1764263298.4561994,0.6264,0.15919564859498114,0.04810000000000003
0.6225,1.044353732579871,1.0593097377568483,0.15976915668837632,0.07381249999999995,,0.8845845758914948,285.928276428,,0.6915625,13,1764263318.203221,0.6331,0.18985114246606827,0.05846249999999997
0.62825,1.0287983357151853,1.0436396021395922,0.19185597094302453,0.08781249999999996,,0.8369423647721608,308.169444322,,0.7103125,14,1764263337.451141,0.6386,0.22236737298468756,0.07171250000000007
0.6365,1.017972845819932,1.032367343083024,0.2280823251905033,0.10281249999999997,,0.7898905206294287,327.451747536,,0.7310625,15,1764263359.7129185,0.6424,0.2537490815101635,0.08866249999999998
0.6455,1.0118651012831097,1.025850586593151,0.2673043652437814,0.1130000000000001,,0.7445607360393283,349.679725286,,0.7495,16,1764263378.962057,0.6465,0.28780660704369576,0.10300000000000009
0.6455,1.0089368224143982,1.0225513279438019,0.3081758762635882,0.12131250000000005,,0.70076094615081,371.936025375,,0.7668125,17,1764263401.2148628,0.6495,0.3250896404423411,0.11731250000000004
0.64875,1.0086613493629648,1.022218270227313,0.3507457661573633,0.13975000000000004,,0.6579155832056015,391.165773314,,0.78525,18,1764263423.4421513,0.6516,0.3646357447382004,0.13365000000000005
0.648,1.0115270757976966,1.0248636566102505,0.39533831666565944,0.15268749999999998,,0.6161887591320372,410.416766566,,0.8014375,19,1764263442.68845,0.65,0.40602951109527585,0.1514375
0.6455,1.0188771516461916,1.0316314548254013,0.44282244400360615,0.17025,,0.5760547076425855,429.790949478,,0.81825,20,1764263462.0657263,0.649,0.448808948967665,0.16925
0.64025,1.0338259369512148,1.0447435360401869,0.4944972215568012,0.19018750000000006,,0.5393287153944136,452.265236688,,0.8356875,21,1764263481.5491803,0.6472,0.4923027394309877,0.18848750000000003
0.63625,1.0543895922129667,1.0628382544964552,0.5476717289124766,0.2093125,,0.5067178633004901,471.496818214,,0.8495625,22,1764263503.7735803,0.6406,0.5380256727396968,0.20896250000000005
0.638,1.0623412486873096,1.0725068785250187,0.5865966656198698,0.22443750000000007,,0.4757445830674399,493.775730409,,0.8606875,23,1764263523.0427072,0.6398,0.5870936714290154,0.22088750000000001
0.639,1.0677020149894907,1.0843156855553389,0.6253906031772988,0.23624999999999996,,0.4423114118121919,513.038314282,,0.87425,24,1764263545.311635,0.6453,0.6301954667128268,0.22895
0.63875,1.083709928808333,1.1033287942409515,0.6753497531381936,0.25031249999999994,,0.4083601756701394,532.362167924,,0.8893125,25,1764263564.6343906,0.6433,0.6759555098851995,0.24601249999999997
0.63675,1.1038577058647252,1.1217035129666328,0.7269963594817819,0.2625624999999999,,0.3768613463829434,554.595216484,,0.9013125,26,1764263586.8791304,0.6439,0.7264674478580082,0.25741249999999993
0.63925,1.1203644245485715,1.1330359559506178,0.7718914204979005,0.27474999999999994,,0.34847300405067105,576.842319315,,0.9115,27,1764263606.125053,0.6448,0.7732305089159618,0.26669999999999994
0.6355,1.1246216236790525,1.1333366073668003,0.7963131986631791,0.27931249999999996,,0.3283084250158734,596.069871261,,0.9185625,28,1764263628.3451161,0.6451,0.8047275309347444,0.27346249999999994
0.63375,1.1602352208729032,1.1721509546041489,0.8463054326959276,0.28556250000000005,,0.31392978817697553,618.308550278,,0.9210625,29,1764263647.5906096,0.6351,0.8194068191898247,0.2859625
0.63025,1.1808133140394959,1.1918023619800806,0.8898458108021501,0.29737499999999994,,0.2909675032373458,637.6013767,,0.931125,30,1764263669.8730314,0.6319,0.8811834513668031,0.29922499999999996
0.6335,1.1833816193327118,1.2005520388484001,0.9264831122116484,0.312875,,0.2568985071210634,656.845048265,,0.943125,31,1764263689.1214614,0.6356,0.9349038548590172,0.30752499999999994
0.62975,1.1857712034937702,1.2089986186474562,0.9601471629558869,0.31943750000000004,,0.22562404053788337,676.162530021,,0.9529375,32,1764263708.4348862,0.637,0.9749279983105168,0.3159375
0.62825,1.1976945852931542,1.2239303402602673,0.9990442614333983,0.33343749999999994,,0.19865032385975595,698.42196007,,0.9631875,33,1764263727.7052636,0.6397,1.0103482947877003,0.32348749999999993
0.6285,1.2148798870134958,1.2421162035316229,1.0386370650896988,0.3421875,,0.1762428219237971,720.65002706,,0.9704375,34,1764263749.9323232,0.6386,1.0476875183364702,0.3318375
0.6285,1.2320570432687108,1.259397828951478,1.0738610235799417,0.34668750000000004,,0.15819601968876898,739.982232439,,0.9751875,35,1764263772.2606044,0.6401,1.0839201838428538,0.3350875
0.62975,1.243467386010327,1.2713959738612175,1.1001349461955587,0.35025000000000006,,0.14333243981476812,762.335732164,,0.97875,36,1764263791.6170914,0.6429,1.1160653891367098,0.33585
0.63275,1.2480209552789037,1.277426328510046,1.1173660660460847,0.35206249999999994,,0.130654889232819,781.603786237,,0.9818125,37,1764263813.877156,0.6419,1.1407410846283985,0.33991249999999995
0.6335,1.2504104421108584,1.2825315035879612,1.1308252711533178,0.35081249999999997,,0.1195851709575407,800.845416021,,0.9835625,38,1764263833.1226728,0.6409,1.1578411575525054,0.3426625
0.63375,1.2559470300433002,1.2908867038786411,1.1462729202172879,0.3521875000000001,,0.10967410982601225,820.131952074,,0.9856875,39,1764263852.4016836,0.6396,1.1728573937619489,0.3460875000000001
0.63375,1.2633961416498016,1.3007422052323818,1.1628672381077447,0.35406249999999995,,0.10052890354205693,842.408218991,,0.9878125,40,1764263871.6899781,0.642,1.1903578003365842,0.34581249999999997
0.63725,1.270471510253375,1.309559267014265,1.1785948520415137,0.355375,,0.09187665821186133,864.642243738,,0.989125,41,1764263893.927226,0.6425,1.2088655470205205,0.34662500000000007
0.635,1.278111915799636,1.3185462951660156,1.1943729363152822,0.35343750000000007,,0.08373897948435373,883.879178936,,0.9906875,42,1764263916.1511903,0.6432,1.2258202875299113,0.34748750000000006
0.6365,1.287255723265153,1.328749179840088,1.2108483305636937,0.35643749999999996,,0.07640739270145931,903.125064699,,0.9914375,43,1764263935.4005077,0.6444,1.2421389024645564,0.3470375
0.63375,1.2969969480852537,1.339251484721899,1.227060147041486,0.3566250000000001,,0.06993680104376777,925.376679813,,0.993125,44,1764263954.6598198,0.6441,1.2588123787963201,0.34902500000000003
0.63575,1.3059098977076857,1.3485371358692646,1.2417385350837586,0.360625,,0.06417136262392714,947.640099361,,0.994375,45,1764263976.921473,0.6445,1.275080122097972,0.34987500000000005
0.63775,1.3139435007602354,1.3567880876362324,1.2549199521774006,0.3599374999999999,,0.05902354858283486,972.875576519,,0.9956875,46,1764264002.1563747,0.6452,1.2895135872864298,0.35048749999999995
0.6375,1.3215438489672504,1.3643103912472725,1.2670540817440086,0.35824999999999996,,0.05448976722324179,992.117075363,,0.996,47,1764264024.388897,0.6451,1.3022983204129905,0.3509
0.6365,1.328824376758141,1.371219139546156,1.2783368140545512,0.35925000000000007,,0.0504875627035896,1011.368973398,,0.99675,48,1764264043.644372,0.6462,1.3138228285436828,0.35055000000000003
0.637,1.3355148547812352,1.3773190341889858,1.2885857341924831,0.3608125000000001,,0.04692912058875201,1033.799831842,,0.9973125,49,1764264063.0819075,0.6468,1.3242900189574038,0.3505125
0.6395,1.3418252430384672,1.3829233944416046,1.298071086536947,0.36068749999999994,,0.04375415650152025,1053.105117252,,0.9976875,50,1764264085.3792078,0.6461,1.3335648776874656,0.35158749999999994
0.63775,1.347622975518432,1.388004507869482,1.3067031201779444,0.3585625,,0.04091985534048743,1072.372350734,,0.9980625,51,1764264104.6424632,0.6458,1.3420035391011171,0.3522624999999999
0.63775,1.3530622343473797,1.3929488025605679,1.3146860940426421,0.36049999999999993,,0.03837614030473762,1092.176084163,,0.99825,52,1764264124.452608,0.6464,1.3496283675647445,0.35185
0.638,1.3583457764190963,1.397806841880083,1.322242647963517,0.360625,,0.03610312845557928,1111.412951187,,0.998375,53,1764264143.6855521,0.647,1.3568456741049886,0.351375
0.6385,1.3632985029039504,1.4024468064308167,1.3292436476644172,0.3605625,,0.03405485523953324,1130.671367274,,0.9985625,54,1764264162.9387937,0.6472,1.3637519866405499,0.3513625
0.63875,1.368018696579752,1.407017458230257,1.3358163176591327,0.36050000000000004,,0.03220237892061945,1155.945642802,,0.999,55,1764264185.2279985,0.6469,1.3702444275101973,0.35209999999999997
0.64,1.3724702740017372,1.4113379195332527,1.3419482632173774,0.36024999999999996,,0.03052201078435968,1175.199655327,,0.999,56,1764264207.4724698,0.6471,1.3764954474458972,0.3519
0.64075,1.3767070000684714,1.4154886081814766,1.3477194493374325,0.35906249999999995,,0.028987550731038765,1194.436582523,,0.9990625,57,1764264226.712643,0.6479,1.3823503688022138,0.35116249999999993
0.64025,1.3808528690398494,1.4195130914449692,1.3532733172702218,0.35843749999999996,,0.027579551769627463,1213.8896324,,0.9991875,58,1764264246.161294,0.6475,1.387909056411849,0.35168750000000004
0.6415,1.3848713968373552,1.4234693571925163,1.3585893377790446,0.359,,0.026282059058310495,1233.421416673,,0.99925,59,1764264265.695482,0.6478,1.3932310323866586,0.35144999999999993
0.6415,1.3888836669016489,1.4274066388607025,1.3637960870533745,0.3578125000000001,,0.025087579848274352,1252.696111199,,0.9993125,60,1764264284.9699278,0.6477,1.398381777344242,0.3516125
0.6415,1.3928531340405912,1.4313352443277836,1.3688728993057588,0.3578125000000001,,0.023980234734832295,1271.947009086,,0.9993125,61,1764264304.2169347,0.6481,1.4034264041258702,0.35121250000000004
0.64075,1.3968814204010782,1.4353033006191254,1.3739289679882274,0.3579375,,0.022952452412850797,1291.221463688,,0.9994375,62,1764264323.490512,0.6478,1.4083827919149328,0.35163749999999994
0.64175,1.4008667182318773,1.4392973482608795,1.37886726015169,0.35875,,0.021999458080187204,1310.490476526,,0.9995,63,1764264342.7614012,0.6482,1.4133038425389381,0.35130000000000006
0.64075,1.4048224227337898,1.44325852394104,1.3837150043155044,0.35775,,0.021107418418285392,1329.72555332,,0.9995,64,1764264361.998492,0.6477,1.4181899298425942,0.3518
0.64125,1.4087633301940146,1.4472376257181168,1.3884874096827764,0.3588125,,0.02027592051123816,1352.000405815,,0.9995625,65,1764264381.2853417,0.6486,1.4229826034298019,0.35096250000000007
0.64025,1.4126480116119868,1.4511736780405045,1.393148415226258,0.358375,,0.019499596385728745,1374.249582277,,0.999625,66,1764264403.5332758,0.6484,1.427738029332388,0.351225
0.6405,1.4165084384664703,1.4551070109009743,1.3977375129210263,0.35943749999999997,,0.018770925545444093,1393.743806249,,0.9996875,67,1764264426.0151038,0.6483,1.4324027524950604,0.35138749999999996
0.6405,1.4202985899357856,1.4589872248470783,1.402212030855725,0.3591875,,0.01808655908006051,1412.983836192,,0.9996875,68,1764264445.2593184,0.6481,1.4370204518209138,0.35158749999999994
0.641,1.4240294649631162,1.4627959206700325,1.4065847329554717,0.3591875,,0.01744473200764448,1435.23011876,,0.9996875,69,1764264464.5132315,0.6484,1.4415424928394338,0.3512875
0.64,1.427693157256404,1.4665712676942348,1.4108526680225748,0.35868749999999994,,0.0168404892338292,1454.532422798,,0.9996875,70,1764264486.8152235,0.648,1.4459554314362033,0.35168749999999993
0.6405,1.431285071222088,1.4702785983681679,1.4150155177693577,0.35968749999999994,,0.01626955345273018,1473.968727065,,0.9996875,71,1764264506.056035,0.6482,1.4503017142415047,0.35148749999999995
0.64125,1.4347973277297201,1.4738964326679707,1.419067301270783,0.3591875,,0.015730026458937025,1493.184089384,,0.9996875,72,1764264522.4690413,0.6483,1.4545485719092308,0.35138749999999996
0.642,1.4382179258744927,1.477484229952097,1.4229973808713317,0.35843749999999996,,0.01522054500316107,1515.413361704,,0.9996875,73,1764264544.694269,0.6483,1.4586758876648096,0.35138749999999996
0.642,1.4415420052371448,1.4809696152806282,1.4268032742839367,0.35768749999999994,,0.014738730953208037,1534.638091256,,0.9996875,74,1764264566.9177134,0.6483,1.4627454989988888,0.35138749999999996
0.64225,1.444796298123613,1.4843845590949059,1.430514117037003,0.3578125,,0.014282181086609997,1553.931264869,,0.9998125,75,1764264586.2070951,0.6485,1.4666874341940181,0.3513125
0.6425,1.4479879291751716,1.487718690186739,1.434137551698028,0.3575625,,0.01385037747714373,1573.218662907,,0.9998125,76,1764264605.4938846,0.6487,1.4705341816177622,0.35111249999999994
0.6415,1.4510939936094647,1.4910079389810562,1.4376549860810133,0.35731250000000003,,0.013439007528451462,1598.450912333,,0.9998125,77,1764264624.7343311,0.6487,1.4742796826582876,0.35111249999999994
0.6415,1.4541556156134303,1.4941877461969852,1.4411053113422383,0.358375,,0.01305030427119207,1617.738341951,,0.999875,78,1764264650.0051641,0.6489,1.4779576347098642,0.3509749999999999
0.64175,1.4571285557143296,1.497302122414112,1.4444475434987638,0.358375,,0.012681012215565831,1637.068819177,,0.999875,79,1764264669.3436527,0.6488,1.4815067339814194,0.3510749999999999
0.64175,1.4600415018540394,1.5003570951521397,1.4477117609312005,0.3581249999999999,,0.012329740922838922,1656.360536878,,0.999875,80,1764264688.631903,0.6486,1.4849723814912732,0.351275
0.64175,1.4629033773760252,1.5033550933003426,1.450907269756592,0.3581249999999999,,0.011996107619433176,1678.629382518,,0.999875,81,1764264707.914931,0.6491,1.4883609875327064,0.35077499999999995
0.6415,1.465715865545635,1.5062942542135715,1.4540382392839404,0.3581249999999999,,0.011677626261694564,1697.895942248,,0.999875,82,1764264730.1718996,0.6493,1.491677467038648,0.35057499999999997
0.64125,1.46845037122316,1.50916763022542,1.4570762781225244,0.358375,,0.011374093100635542,1717.159856025,,0.999875,83,1764264749.4338465,0.6493,1.494920161112936,0.35057499999999997
0.6415,1.4711467510537257,1.5119941420853138,1.4600617698243035,0.35862499999999997,,0.011084981229422348,1736.403983008,,0.999875,84,1764264768.6792974,0.6495,1.4980826489959977,0.350375
0.6415,1.4737834175930749,1.5147311836481094,1.4629743276341707,0.358375,,0.01080908995890428,1755.694464166,,0.999875,85,1764264787.969876,0.6497,1.5011850521264096,0.3501749999999999
0.6415,1.4763658280614056,1.517440915107727,1.465820075473633,0.358375,,0.010545752587772551,1778.134130394,,0.999875,86,1764264807.416011,0.6504,1.5041854310603369,0.349475
0.64225,1.478924010373369,1.520111333578825,1.4686290359798473,0.358375,,0.010294974393521745,1800.400798994,,0.999875,87,1764264829.6815226,0.6505,1.5071459407142054,0.349375
0.642,1.481398508518557,1.5227067470550537,1.4713444043738573,0.35762499999999997,,0.010054104144699753,1819.619057937,,0.999875,88,1764264851.8935401,0.6505,1.5100572294341252,0.349375
0.642,1.483891911144498,1.5252652540802956,1.4740678421715683,0.35787499999999994,,0.009824068972929602,1842.119786044,,0.999875,89,1764264874.3932972,0.6508,1.512882678082124,0.3490749999999999
0.64275,1.4863313383693937,1.5278050601482391,1.476727729918024,0.35787499999999994,,0.009603608451369738,1864.409197171,,0.999875,90,1764264893.6946392,0.651,1.5156616456289258,0.34887499999999994
0.64275,1.4887353626987603,1.5302943885326385,1.4793426255760642,0.3571875,,0.009392737122696069,1883.67017175,,0.9999375,91,1764264915.9439375,0.6511,1.518412323025543,0.3488375
0.6425,1.4910837170443958,1.532772958278656,1.4818930095066807,0.3571875,,0.00919070753771516,1902.908309047,,0.9999375,92,1764264935.1866896,0.6514,1.5211036809949234,0.34853750000000006
0.642,1.493411500242692,1.5351856090128422,1.4844156484156457,0.3574375000000001,,0.008995851827046228,1922.227305287,,0.9999375,93,1764264954.4987924,0.6515,1.5237771064516097,0.34843750000000007
0.642,1.4957051986380467,1.5375981628894806,1.4868958431365473,0.3579375,,0.008809355501499442,1941.46450203,,0.9999375,94,1764264973.7391148,0.6518,1.5263762535113428,0.3481375
0.642,1.4979859877236281,1.539960227906704,1.4893557767353158,0.3579375,,0.008630210988312249,1960.891412177,,0.9999375,95,1764264993.1676188,0.6514,1.5289679519011683,0.34853750000000006
0.64225,1.5002280503888674,1.5423439145088196,1.4917702450225085,0.3579375,,0.008457805366358822,1980.129586309,,0.9999375,96,1764265012.4007568,0.6513,1.531502422540345,0.34863750000000004
0.642,1.5024417427521717,1.5446428023278713,1.4941499965876919,0.35768750000000005,,0.0082917461644799,1999.371648616,,0.9999375,97,1764265031.6434152,0.6516,1.5340521683443398,0.3483375000000001
0.64225,1.504637005962903,1.5469090156257153,1.4965053377991144,0.3579375,,0.008131668163788696,2018.631852993,,0.9999375,98,1764265047.906621,0.6515,1.5365111341640827,0.34843750000000007
0.64275,1.5067871974993357,1.5491806715726852,1.4988096161676814,0.35768750000000005,,0.007977581331654202,2037.892016388,,0.9999375,99,1764265070.1657803,0.6522,1.538931434294061,0.34773750000000003
0.643,1.508928656578064,1.5514219999313354,1.501099976929023,0.3571875,,0.007828679649041048,2052.630814458,,0.9999375,100,1764265093.4591808,0.6521,1.5413519919236442,0.3478375
