_step,Trainings-Loss (Clients aggregiert),_timestamp,Validierungs-Accuracy (Clients aggregiert),Label Distribution Heatmap,"Overfitting-Gap (Server, Loss)",_runtime,"Overfitting-Gap (Clients aggregiert, Accuracy)",Test-Loss (Server),"Overfitting-Gap (Clients aggregiert, Loss)",Validierungs-Loss (Clients aggregiert),Trainings-Accuracy (Clients aggregiert),"Overfitting-Gap (Server, Accuracy)",Test-Accuracy (Server),Label Distribution Bar
0,,1764205302.6365693,,"{'sha256': 'def06f52f2dc49fd98bcf57e457bb13544869a4aa98fdcc317055a59f452c382', 'size': 45466, 'height': 316, 'width': 670, '_type': 'image-file', 'format': 'png', 'path': 'media/images/Label Distribution Heatmap_0_def06f52f2dc49fd98bc.png'}",,12.052282023,,2.3102264796631244,,,,,0.1181,"{'_type': 'image-file', 'format': 'png', 'path': 'media/images/Label Distribution Bar_0_b31c7f9d1bac2f62f456.png', 'sha256': 'b31c7f9d1bac2f62f456540caae1990bae00bb18f97e85c56c722bd7ddb9cf9a', 'size': 20171, 'height': 480, 'width': 640}"
1,1.83462871201733,1764205322.0346317,0.3003498250874563,,0.1461232385122273,31.427901713,,1.9807519505295572,,1.9984353187682364,0.3724215526940868,0.0728215526940868,0.2996,
2,1.6294898785310443,1764205341.4105952,0.35007496251874065,,0.2067830371763144,50.791175895,0.1471436115921287,1.8362729157073587,0.3689454402371921,1.846366288918923,0.44749343667958497,0.09339343667958494,0.3541,
3,1.5232343786063132,1764205360.7713618,0.3743128435782109,,0.22192879500886487,73.144803485,0.12948498247438345,1.745163173615178,0.3231319103126098,1.7603813620697584,0.4795599449931241,0.09475994499312412,0.3848,
4,1.4427798101075888,1764205383.1378376,0.40604697651174415,,0.22389504377260527,95.485483877,0.12806245333390315,1.666674853880194,0.31760155196216955,1.6868825139601034,0.502375296912114,0.09297529691211404,0.4094,
5,1.3745651124962208,1764205405.4930856,0.4272863568215892,,0.2282953639010401,114.889204072,0.11889364106545297,1.602860476397261,0.31231740146388254,1.6254155794202216,0.5249406175771971,0.0957406175771971,0.4292,
6,1.3120212065843029,1764205424.8883815,0.4490254872563718,,0.22824667286556566,134.26915624,0.1182818392029138,1.5402678794498685,0.31339437283591876,1.5650623154529082,0.545568196024503,0.09436819602450303,0.4512,
7,1.256703688029971,1764205444.2841277,0.4682658670664668,,0.23196641512765193,153.665630657,0.11316978715292936,1.4886701031576228,0.3083586274229373,1.5161150243382946,0.5621952744093012,0.09509527440930116,0.4671,
8,1.2119493387849045,1764205463.639567,0.476511744127936,,0.23868250153466852,173.025767666,0.10905629820419205,1.450631840319573,0.3041656855533901,1.47940475253039,0.5773221652706588,0.09992216527065884,0.4774,
9,1.1759915981872369,1764205483.0137694,0.4855072463768116,,0.24333710195080682,195.370388014,0.11243687444938616,1.4193287001380437,0.3034131543431531,1.448781829364184,0.5889486185773222,0.10184861857732219,0.4871,
10,1.1443554074334663,1764205508.4042304,0.49225387306346824,,0.24623680095803713,217.782735462,0.11394268486459364,1.3905922083915034,0.3044264219307178,1.4202792979892738,0.5994499312414052,0.10224993124140525,0.4972,
11,1.1153351079737137,1764205527.788425,0.5014992503748126,,0.2481772314975479,240.134298375,0.11588464425119605,1.3635123394712616,0.30494419001556006,1.3930926771062249,0.6081385173146643,0.10083851731466431,0.5073,
12,1.0885711519247883,1764205550.1183767,0.5144927536231884,,0.24936407545724393,259.505983183,0.1177031499252249,1.3379352273820322,0.3045215251814366,1.3673087921842113,0.6192024003000375,0.10100240030003749,0.5182,
13,1.063881428893962,1764205569.4965706,0.524487756121939,,0.2512271087799882,278.878858408,0.1130231858692482,1.3151085376739502,0.30342736329024933,1.344129659070947,0.6275159394924366,0.10011593949243658,0.5274,
14,1.0409583019190203,1764205588.8612287,0.5287356321839081,,0.25437388994663523,301.223918191,0.11084166005508311,1.2953321918656555,0.3031713571519268,1.3237255119633635,0.6353294161770221,0.10242941617702206,0.5329,
15,1.019449594993387,1764205611.2232795,0.5349825087456271,,0.258660101853587,320.607128777,0.11571992476071002,1.278109696846974,0.30427591696997647,1.3055822583408696,0.6444555569446181,0.10735555694461807,0.5371,
16,0.9990714332981027,1764205630.973371,0.5407296351824088,,0.26374617737012807,340.34970447,0.11697398581619312,1.2628176106682307,0.30651082504276694,1.2894653898205766,0.6519564945618203,0.10945649456182027,0.5425,
17,0.9794391175050472,1764205650.3289042,0.5504747626186907,,0.2693832259953075,359.710615101,0.11891532043704367,1.2488223435003547,0.31002627231552937,1.2748103153550703,0.6596449556194525,0.11154495561945243,0.5481,
18,0.9604298330167768,1764205669.7007232,0.553223388305847,,0.2753588669300492,382.05652504,0.11442084933280328,1.235788699946826,0.3143804823382935,1.2612314962707143,0.6648956119514939,0.11139561195149394,0.5535,
19,0.9418588011382274,1764205695.0285394,0.5564717641179411,,0.28177498163485093,404.413495614,0.11698538779116507,1.2236337827730783,0.3193726951324869,1.2487392753201534,0.6702087760970121,0.11150877609701215,0.5587,
20,0.9238074730844662,1764205714.5823846,0.5602198900549725,,0.28841170408316075,423.966325494,0.11992528551326287,1.212219177167627,0.3249318022356872,1.2372294471251852,0.676397049631204,0.11399704963120394,0.5624,
21,0.9060810294688322,1764205733.942442,0.5617191404297851,,0.29554394042403187,446.304417114,0.12517828471687398,1.201624969892864,0.33114841765635306,1.2266740036022836,0.6853981747718465,0.1208981747718465,0.5645,
22,0.8887078408735248,1764205756.482489,0.5664667666166917,,0.3030705292231889,465.863438309,0.1293672453684397,1.1917783700967137,0.3379661627287588,1.2169492183230406,0.6910863857982248,0.12298638579822474,0.5681,
23,0.8715892833743402,1764205775.8803515,0.5679660169915043,,0.3108894131107689,488.231106206,0.13068287708877147,1.182478696485109,0.34535993494870043,1.208023211542471,0.6971496437054632,0.12604964370546312,0.5711,
24,0.8546825059326127,1764205801.1995108,0.5702148925537232,,0.3192925988399792,510.594381608,0.13468431429990713,1.173975104772592,0.3533407056098582,1.199820035973346,0.7026503312914114,0.12835033129141138,0.5743,
25,0.8379195623164097,1764205820.639708,0.5717141429285357,,0.32818373357116304,530.032437412,0.13812364976406655,1.1661032958875728,0.36190047365693623,1.1923529199577416,0.7083385423177897,0.1307385423177897,0.5776,
26,0.8213032962072858,1764205846.0235076,0.5742128935532234,,0.3374786713783141,555.409743482,0.14300019636387584,1.1587819675856,0.3710496237504558,1.1853706239008688,0.7147143392924116,0.13511433929241157,0.5796,
27,0.8047767361561406,1764205865.3944805,0.5794602698650675,,0.3472798771442793,574.772812419,0.14587711769818312,1.15205661330042,0.38059388774472813,1.179045364975978,0.7200900112514065,0.13689001125140643,0.5832,
28,0.788341609879846,1764205884.7676272,0.5827086456771614,,0.3576172370030827,594.178585159,0.14631795241271728,1.1459588468829287,0.390703755096132,1.1731056134571978,0.7257782222777848,0.14017822227778476,0.5856,
29,0.7720393037519824,1764205904.1931095,0.5849575212393803,,0.36834430950850416,616.546635376,0.14882029544047826,1.1403836132604865,0.4010663097052154,1.16754669503905,0.7315289411176397,0.1425289411176397,0.589,
30,0.7558434535696085,1764205926.613521,0.5902048975512244,,0.3791649562383451,636.00011982,0.15294721685288126,1.1350084098079536,0.4117032414694416,1.1621425765529703,0.7379047380922615,0.14610473809226154,0.5918,
31,0.7397534671860668,1764205948.9665804,0.5949525237381309,,0.3899576152784652,658.353280948,0.15307551250003204,1.129711082464532,0.42238910936690344,1.156765796418491,0.7432804100512564,0.14948041005125645,0.5938,
32,0.7237777221681696,1764205971.7572994,0.5954522738630684,,0.4011000204060151,681.161052346,0.1543286364068872,1.1248777425741847,0.4329880742503214,1.1517251554995884,0.7492811601450181,0.15178116014501808,0.5975,
33,0.7080959808313496,1764205991.1398523,0.5977011494252874,,0.41239417556568525,700.526506014,0.16064223795090837,1.1204901563970349,0.4436291746682388,1.1470641123339627,0.7560945118139768,0.1561945118139768,0.5999,
34,0.692684410420109,1764206010.5121465,0.6021989005497251,,0.4240685837913053,719.882217543,0.16433160466897434,1.1167529942114143,0.4543797019138537,1.1430599947073592,0.7620327540942617,0.16143275409426172,0.6006,
35,0.6776971534294162,1764206029.9189994,0.6039480259870065,,0.43598969108849694,739.316236239,0.16495949424962475,1.113686844517913,0.46536284127794303,1.1398363394215052,0.7671583947993499,0.1652583947993499,0.6019,
36,0.6631499824992869,1764206049.3358672,0.6046976511744128,,0.4481261370709019,761.700499556,0.17027375173520876,1.1112761195701888,0.4766863569222183,1.1373535116893585,0.7742217777222152,0.16922177772221525,0.605,
37,0.6490902876335316,1764206071.6870732,0.6096951524237881,,0.4603961262738696,784.035718811,0.17665001728414453,1.1094864139074012,0.4882632240558269,1.1357006224734982,0.7813476684585573,0.17664766845855728,0.6047,
38,0.6353804480677127,1764206094.0168965,0.611944027986007,,0.47287163814917765,806.362164237,0.17809082082286765,1.1082520862168903,0.5003201744057856,1.1347469470069362,0.7877859732466558,0.18248597324665583,0.6053,
39,0.6217814586989407,1764206116.3671722,0.6139430284857571,,0.48551290687610127,825.750280737,0.1815926641005038,1.107294365575042,0.5129654883079955,1.1340768482569306,0.7935366920865108,0.18613669208651074,0.6074,
40,0.6076836080867509,1764206135.761453,0.6121939030484758,,0.4982936231019146,845.132990358,0.18521936681365536,1.1059772311886655,0.5263932401701796,1.132911030887459,0.7991623952994125,0.1890623952994125,0.6101,
41,0.5925867463113398,1764206155.1518319,0.6159420289855072,,0.5118359225561336,864.544573008,0.192656703277315,1.1044226688674734,0.5403242845761193,1.131360814562124,0.8048506063257908,0.19185060632579076,0.613,
42,0.5767680408157162,1764206174.5240295,0.616191904047976,,0.5264797005394556,883.894004498,0.1964095149574857,1.1032477413551718,0.5545927737464077,1.130439584869977,0.8123515439429929,0.1965515439429929,0.6158,
43,0.5608753447358484,1764206193.9262028,0.616191904047976,,0.5422348532428353,904.506276789,0.20341054625831234,1.1031101979786837,0.5695642401341287,1.130600925907002,0.8196024503062883,0.20330245030628835,0.6163,
44,0.5452386575801025,1764206214.4819968,0.6149425287356322,,0.5587272586309895,926.832303588,0.2090362494712139,1.103965916211092,0.5853622683268995,1.131826647353531,0.8252281535191899,0.21062815351918984,0.6146,
45,0.5300059442352796,1764206237.9793596,0.616191904047976,,0.5754555566327331,947.362901672,0.21691145301208636,1.1054615008680126,0.6018207031182514,1.1336099041979497,0.8318539817477185,0.21635398174771847,0.6155,
46,0.5153560200004381,1764206257.372331,0.6179410294852574,,0.5922955924262232,966.769246724,0.22266295280913118,1.1076516124266613,0.6182538841975116,1.135939803245517,0.8388548568571071,0.22295485685710714,0.6159,
47,0.5012122143906151,1764206276.7978148,0.616191904047976,,0.6091036230469783,989.149447796,0.22572692900955438,1.1103158374375934,0.6347275888549019,1.138628339556191,0.8436679584948118,0.22806795849481176,0.6156,
48,0.4876097844723634,1764206299.157051,0.616191904047976,,0.6262496683064165,1008.550863057,0.2334768045405976,1.11385945277878,0.6510185550838274,1.141854103864929,0.8496687085885736,0.2335687085885736,0.6161,
49,0.47452284058820443,1764206318.5306752,0.6149425287356322,,0.643590620586338,1027.907763564,0.23903999994002256,1.1181134611745425,0.6673312632767245,1.145533508601628,0.8552319039879985,0.2385319039879985,0.6167,
50,0.4619008215846979,1764206337.9336743,0.6154422788605697,,0.6615737650288728,1047.327557086,0.24529000033050108,1.1234745866135707,0.6836326870169301,1.1498856984672716,0.8602325290661332,0.2445325290661332,0.6157,
51,0.44981878321320834,1764206360.3145132,0.612943528235882,,0.6802482853515326,1069.692972875,0.2502909377915118,1.130067068564741,0.7000669152540633,1.1550983689557845,0.8657332166520815,0.2513332166520815,0.6144,
52,0.4382236615793528,1764206379.6841934,0.6126936531734133,,0.6994177026812122,1089.071769316,0.25779031349433423,1.137641364260565,0.7168747073764318,1.1608934356060392,0.8707338417302163,0.25713384173021625,0.6136,
53,0.42713857021555574,1764206399.072448,0.6146926536731634,,0.71842495376508,1108.452235047,0.2615406261114973,1.1455635239806357,0.7337548653904835,1.1669145779426453,0.8742342792849106,0.2623342792849106,0.6119,
54,0.4164057459307698,1764206418.5523262,0.6114442778610695,,0.7368187713422278,1127.937649102,0.2640421881820685,1.1532245172729976,0.7505088320118756,1.1726243096709508,0.8787348418552319,0.26813484185523184,0.6106,
55,0.406028660929768,1764206438.4330602,0.6131934032983508,,0.7534219553333681,1150.782199061,0.2718536343779604,1.1594506162631362,0.7665956487411827,1.1771256205927132,0.8832979122390299,0.2741979122390299,0.6091,
56,0.3958427575359139,1764206461.2556927,0.6124437781109445,,0.7670073364565367,1173.606562023,0.27272983710669985,1.1628500939924507,0.7812828630567993,1.1794378973011193,0.8859232404050507,0.2767232404050507,0.6092,
57,0.38570158122963094,1764206483.5955608,0.612943528235882,,0.7774360176531168,1192.996252293,0.2774799623566139,1.1631375988827477,0.7937363160714883,1.179501600343573,0.8899237404675584,0.27952374046755835,0.6104,
58,0.3758235640277541,1764206503.348355,0.6131934032983508,,0.7854178647337886,1215.704997907,0.2794180169572671,1.1612414287615427,0.8036780363158189,1.1782243568448352,0.8923615451931491,0.28036154519314915,0.612,
59,0.36634537193676175,1764206525.7151651,0.6156921539230384,,0.7926536229508678,1238.063857955,0.2839812435325031,1.1589989948876296,0.8118789849080734,1.1772208143505565,0.8971746468308539,0.2824746468308539,0.6147,
60,0.3575992431509624,1764206548.3191,0.6146926536731634,,0.8011947110041506,1257.701421875,0.28448286795469624,1.158793954155113,0.819621571199594,1.1779681636008383,0.9001750218777347,0.2838750218777347,0.6163,
61,0.34990827665987667,1764206567.714357,0.6136931534232883,,0.8134796873835595,1277.096851197,0.2881702041840688,1.1633879640434361,0.8280598869409617,1.1824193789525754,0.9028628578572322,0.28926285785723216,0.6136,
62,0.3431625903509803,1764206587.088798,0.6134432783608196,,0.8324051957993606,1296.471690699,0.29141998571910444,1.1755677861503409,0.8392567886015951,1.1931366413878197,0.9051131391423928,0.2928131391423928,0.6123,
63,0.3361683406558166,1764206609.524642,0.6116941529235382,,0.8558555341823243,1318.906935547,0.2940451576936872,1.1920238748381409,0.8569683007320031,1.208563775050527,0.9074884360545068,0.2987884360545068,0.6087,
64,0.3273852631961827,1764206628.9142268,0.6099450274862569,,0.869862706757137,1338.331153757,0.29798205660265253,1.1972479699533196,0.8811785118543443,1.2159287494186226,0.9096762095261908,0.3007762095261908,0.6089,
65,0.31691366905437407,1764206648.735651,0.6139430284857571,,0.873885418608866,1358.124377715,0.3044192680506852,1.1907990876632402,0.8990150803642485,1.2126841512305861,0.9143642955369421,0.30286429553694205,0.6115,
66,0.3067435857448705,1764206668.1467874,0.6186906546726637,,0.8788516263585749,1377.522384306,0.30329662647111255,1.1855952121034454,0.9059405654857157,1.2085944105427073,0.9172396549568697,0.3009396549568697,0.6163,
67,0.29675007186012814,1764206687.5142837,0.6214392803598201,,0.88638345332431,1396.900391132,0.3024869925332371,1.1831335251844382,0.9118443386825792,1.2058928628781067,0.9211776472059008,0.3040776472059008,0.6171,
68,0.28650879615402464,1764206707.1415184,0.620439780109945,,0.896337000811321,1416.534056155,0.30348883565468177,1.1828457969653456,0.919384066724082,1.2055486011984975,0.9249281160145019,0.30722811601450184,0.6177,
69,0.27657327556631117,1764206729.5265474,0.6176911544227887,,0.907823309010887,1438.911742682,0.3081762968996812,1.1843965845771982,0.9289753256321863,1.2070799317570222,0.9286160770096262,0.31151607700962625,0.6171,
70,0.26726258179877155,1764206748.9359272,0.6189405297351325,,0.9196523224093514,1458.319313902,0.31386278982024174,1.1869149042081228,0.9398173499582507,1.2097741169005634,0.9315539442430304,0.31415394424303045,0.6174,
71,0.2584456339353918,1764206768.3655198,0.6186906546726637,,0.931844315379112,1477.764571432,0.3153012504873953,1.1902899493145038,0.9513284829651716,1.2136068845945474,0.9342417802225278,0.3163417802225278,0.6179,
72,0.2500476945340307,1764206787.7671967,0.6196901549225388,,0.9442793347122875,1497.157105016,0.31811394590240816,1.1943270292463182,0.9635591900605167,1.2184201447641838,0.9368046005750719,0.31810460057507184,0.6187,
73,0.2420726237136378,1764206807.1627033,0.6186906546726637,,0.9568297825563531,1516.554423841,0.31923971131074036,1.198902406269991,0.976347521050546,1.2237906252597643,0.9389298662332791,0.3199298662332791,0.619,
74,0.23447619354635246,1764206829.5822494,0.6164417791104447,,0.9695127916239394,1538.967147833,0.3228020319131595,1.2039889851702918,0.9893144317134119,1.229715156002732,0.9414926865858232,0.32289268658582315,0.6186,
75,0.22726020303629732,1764206852.0115697,0.6179410294852574,,0.9820273189235629,1561.413831655,0.32773874345487597,1.2092875219598602,1.0024549529664346,1.2358431245397634,0.9441805225653207,0.32668052256532065,0.6175,
76,0.2204049767997902,1764206874.4669483,0.6169415292353823,,0.9943633620072314,1583.840190195,0.3285522821787006,1.2147683388070216,1.0154381477399732,1.2421094971025153,0.946493311663958,0.328593311663958,0.6179,
77,0.21387013963007365,1764206896.834656,0.618440779610195,,1.0062399689506967,1609.184660921,0.33148952464635295,1.2201101085807704,1.0282393574724416,1.248328543655598,0.9484310538817352,0.33093105388173516,0.6175,
78,0.20760345831891708,1764206919.216727,0.6164417791104447,,1.0177588712244743,1628.587188785,0.3323655711836543,1.2253623295433913,1.040725085336681,1.2544244729600875,0.9508063507938492,0.3341063507938492,0.6167,
79,0.20157227618511983,1764206938.6227312,0.616191904047976,,1.0289406650003123,1650.98891933,0.3363648217146584,1.230512941185432,1.0528521967749678,1.2603608102498185,0.9528066008251032,0.3365066008251032,0.6163,
80,0.19573312929171577,1764206961.0056994,0.6159420289855072,,1.03963701552216,1670.388937371,0.3381148843005676,1.2353701448138756,1.0646276809581028,1.2660418973424368,0.9543067883485435,0.3378067883485435,0.6165,
81,0.19007277228108677,1764206983.3982337,0.6174412793603199,,1.0499615370880124,1692.787001814,0.33955240781909335,1.2400343093690993,1.07596912506135,1.271570868531315,0.9554944368046006,0.33949443680460056,0.616,
82,0.18456584785867086,1764207002.7938588,0.6174412793603199,,1.0598879059929662,1715.152437799,0.33961585278119777,1.2444537538516371,1.087005020672644,1.2768233228239885,0.9570571321415177,0.34135713214151764,0.6157,
83,0.17921824795375965,1764207025.1537259,0.6169415292353823,,1.0694224575592892,1734.53606189,0.341553594998975,1.2486407055130488,1.0976050748702288,1.2818755767613172,0.9589948743592949,0.3428948743592949,0.6161,
84,0.1740354125278641,1764207044.6922097,0.618440779610195,,1.0787452724140676,1754.090591499,0.34299096232606296,1.2527806849419316,1.1078401642334532,1.2868386376852856,0.9599324915614452,0.3433324915614452,0.6166,
85,0.16900549382981903,1764207064.1284933,0.6179410294852574,,1.0876897352116064,1773.490890622,0.3428043760342606,1.2566952290414255,1.1178331438554665,1.291514113243572,0.9612451556444556,0.34524515564445557,0.616,
86,0.16414473068207128,1764207083.4850416,0.6186906546726637,,1.0962752461800997,1792.896905672,0.3451793605634986,1.260419976862171,1.1273693825615005,1.2960559169515484,0.963120390048756,0.3467203900487561,0.6164,
87,0.1594418299644381,1764207102.9022677,0.61944027986007,,1.1046019191688048,1812.2843952,0.3461174463399629,1.2640437491332428,1.1366140869871104,1.3004384004656366,0.9648081010126266,0.3476081010126266,0.6172,
88,0.15490707780018478,1764207122.3010755,0.6176911544227887,,1.1127489640513417,1831.688588521,0.34668048523556694,1.2676560418515266,1.1455313226654518,1.3047835539695662,0.9661207650956369,0.3486207650956369,0.6175,
89,0.15052585016172362,1764207141.819868,0.617191404297851,,1.120585536324523,1854.17574686,0.3500548138232421,1.2711113864862467,1.1542577038078425,1.308935519925546,0.9677459682460308,0.34974596824603077,0.618,
90,0.1463310852901888,1764207167.202216,0.6179410294852574,,1.128215184838858,1882.555262219,0.35167970459076003,1.2745462701290469,1.162604434635357,1.313052227602535,0.968871108888611,0.35097110888861105,0.6179,
91,0.1422870014565221,1764207192.7073696,0.6176911544227887,,1.135584512966462,1902.256927926,0.3523052512998407,1.277871514422984,1.1707652261460129,1.3170348308603046,0.9702462807850981,0.35194628078509815,0.6183,
92,0.1384046089098181,1764207212.2554348,0.6181909045477262,,1.1428024734824762,1921.64060007,0.3538052826318432,1.2812070823922943,1.1786302219504865,1.3210171143659366,0.9714964370546318,0.35249643705463185,0.619,
93,0.13467032446730065,1764207234.6233082,0.6179410294852574,,1.1497956456505338,1946.988557487,0.35474321221686944,1.2844659701178345,1.186346789898636,1.3249205466068805,0.9729341167645956,0.3531341167645956,0.6198,
94,0.13108114813443242,1764207256.9873052,0.618440779610195,,1.1565801651216985,1966.382716665,0.355805688854535,1.287661313256131,1.193839398472448,1.3288165124967926,0.9737467183397924,0.35374671833979243,0.62,
95,0.1276427184586621,1764207276.386433,0.6186906546726637,,1.163181191596619,1985.764057476,0.3564935871856545,1.2908239100552812,1.2011737940381304,1.3326812835237125,0.9749343667958494,0.35403436679584943,0.6209,
96,0.12433605142064713,1764207295.756624,0.6176911544227887,,1.1696658847374004,2008.110874984,0.35705631369838264,1.2940019361580475,1.2083452321030654,1.3365572940234651,0.9757469683710464,0.3543469683710464,0.6214,
97,0.12115763143908163,1764207318.1167111,0.6174412793603199,,1.1760480800282749,2030.468650666,0.35868089208302456,1.2972057114673565,1.2153996625843835,1.3404430158070613,0.9763720465058132,0.3545720465058132,0.6218,
98,0.11810214702534866,1764207340.470668,0.6181909045477262,,1.1823182119403197,2052.821282239,0.3596808609072135,1.3004203589656684,1.2223408687817126,1.3443716207569356,0.9771221402675334,0.3553221402675334,0.6218,
99,0.11517059376808847,1764207362.8889,0.6179410294852574,,1.1885256062948686,2072.272194313,0.35974383729500414,1.303696200062957,1.2292010269888471,1.3483425594793048,0.9779347418427303,0.35673474184273035,0.6212,
100,0.11234274121302643,1764207383.702992,0.6186906546726637,,1.1945766079322593,2084.615145037,0.3610563451865766,1.3069193491452857,1.2359998182662784,1.3523050848812277,0.978997374671834,0.35749737467183396,0.6215,
