Test-Loss (Server),"Overfitting-Gap (Server, Loss)","Overfitting-Gap (Server, Accuracy)",_runtime,Validierungs-Accuracy (Clients aggregiert),Validierungs-Loss (Clients aggregiert),Label Distribution Bar,_timestamp,Trainings-Loss (Clients aggregiert),"Overfitting-Gap (Clients aggregiert, Loss)",Label Distribution Heatmap,_step,Test-Accuracy (Server),Trainings-Accuracy (Clients aggregiert),"Overfitting-Gap (Clients aggregiert, Accuracy)"
2.5432231184802476,,,18.260516855,,,"{'sha256': 'ad6073e7bab509138618de3101841ad05bb6381d4d7c4fffde4f00716dd160ea', 'size': 21691, 'height': 480, 'width': 640, '_type': 'image-file', 'format': 'png', 'path': 'media/images/Label Distribution Bar_0_ad6073e7bab509138618.png'}",1764274578.2697,,,"{'height': 316, 'width': 948, '_type': 'image-file', 'format': 'png', 'path': 'media/images/Label Distribution Heatmap_0_d11ddc69926f1d38d7f3.png', 'sha256': 'd11ddc69926f1d38d7f3fc55a83a2ff0f03d715301ae0a2106324e44cad8b7e7', 'size': 69955}",0,0.0982,,
2.1048295407355586,-0.14931236402201398,-0.08856249999999999,49.703150656,0.24075,2.099364709854126,,1764274609.565086,2.2541419047575726,,,1,0.244,0.1554375,
1.9463136618650412,-0.06438977619689301,-0.01061249999999997,81.311438095,0.25625,1.9444018959999085,,1764274637.5414565,2.010703438061934,0.08866127179219196,,2,0.2618,0.2511875,0.010437500000000016
1.8091878875901428,-0.057818760913674216,-0.022087500000000038,109.702166635,0.32325,1.8046603858470918,,1764274669.3039029,1.867006648503817,0.0773952474960915,,3,0.3259,0.3038125,0.04756250000000001
1.7173613430578498,-0.051257441443152585,-0.016437499999999994,144.184078385,0.37275,1.7007366865873337,,1764274701.190254,1.7686187845010024,0.03604160134608936,,4,0.362,0.3455625,0.022312500000000013
1.6504305329503892,-0.036353179693454196,-0.014400000000000024,176.077891837,0.389,1.64081851541996,,1764274735.5688412,1.6867837126438434,0.013952973943490266,,5,0.3889,0.3745,0.0017499999999999738
1.608897583394111,-0.01288359889501245,-0.0021375000000000144,208.322531514,0.4095,1.5917636960744859,,1764274767.510418,1.6217811822891235,0.019037333130836442,,6,0.4077,0.4055625,0.01656249999999998
1.5686041237432746,0.008587970334343886,0.004662500000000014,236.392070674,0.41975,1.5531259953975678,,1764274796.5957725,1.5600161534089307,0.03174754266555513,,7,0.4244,0.4290625,0.019562500000000038
1.5807202420657194,0.07471009482427382,0.03931250000000003,264.361574999,0.4245,1.5661060720682145,,1764274824.7593522,1.5060101472414456,0.04711584815612224,,8,0.4135,0.4528125,0.033062499999999995
1.5062679037263123,0.05191691962978506,0.02705000000000002,292.28452226,0.444,1.4884084582328796,,1764274851.9629738,1.4543509840965272,0.11175508797168732,,9,0.4447,0.47175,0.047250000000000014
1.5082721016075038,0.10130341355965466,0.05049999999999999,319.498937948,0.447,1.4904614090919495,,1764274881.0663023,1.4069686880478491,0.08143977018503046,,10,0.445,0.4955,0.05149999999999999
1.4728797387473191,0.11117944693031423,0.05136250000000003,347.782697069,0.4655,1.4566073924303056,,1764274907.430871,1.361700291817005,0.12876111727494455,,11,0.4622,0.5135625,0.06656250000000002
1.4477756113945683,0.13549011200521344,0.07213749999999997,379.380867869,0.4685,1.4250651568174362,,1764274938.494295,1.312285499389355,0.14432189304095067,,12,0.4658,0.5379375,0.07243749999999993
1.4353056799007367,0.16456568713545683,0.08192500000000003,407.755367202,0.4775,1.4139060020446776,,1764274967.2741098,1.2707399927652798,0.15432516405215635,,13,0.4737,0.555625,0.08712500000000001
1.4237417571152313,0.19736934366337633,0.09444999999999998,436.037107242,0.49,1.3967965632677077,,1764274995.4455996,1.226372413451855,0.18753358859282265,,14,0.4803,0.57475,0.09725
1.3834002666835543,0.19828631947544317,0.09967500000000001,463.841747615,0.50425,1.359652829170227,,1764275023.6200068,1.1851139472081111,0.2116826160595966,,15,0.4947,0.594375,0.104375
1.3789846384072606,0.22852419848683514,0.111875,492.378709411,0.50125,1.3574983149766922,,1764275052.084129,1.1504604399204255,0.20919238924980155,,16,0.4955,0.607375,0.10312500000000002
1.3928294589247885,0.2681031345682694,0.11922500000000003,518.781062109,0.50375,1.3591205835342408,,1764275080.2894309,1.124726324356519,0.23277199062017306,,17,0.4999,0.619125,0.11787500000000006
1.3543616608728337,0.2697939925265753,0.1302500000000001,546.69113692,0.512,1.3313409462571144,,1764275106.1123815,1.0845676683462584,0.2745529151879824,,18,0.5045,0.63475,0.131
1.4002703020844278,0.35882917373879164,0.1562,576.195028048,0.509,1.3651586681604386,,1764275137.5279932,1.0414411283456362,0.28989981791147823,,19,0.4988,0.655,0.14300000000000002
1.35945709898502,0.36866717201593213,0.16494999999999993,603.050786745,0.51875,1.3348211616277694,,1764275164.1893525,0.990789926969088,0.37436874119135066,,20,0.5108,0.67575,0.16674999999999995
1.399958545648599,0.47055072347980864,0.19618750000000007,633.041527979,0.52125,1.3761161148548127,,1764275193.4555712,0.9294078221687904,0.40541333945897906,,21,0.5045,0.7006875,0.18193749999999997
1.4020067679731152,0.5200194633314649,0.21461249999999998,660.829064122,0.512,1.39594164788723,,1764275220.3068013,0.8819873046416503,0.49412881021316235,,22,0.5087,0.7233125,0.20206250000000003
1.3657983707476267,0.534932813141223,0.22762499999999997,687.580698845,0.5285,1.3511563777923583,,1764275248.9008803,0.8308655576064037,0.5650760902808263,,23,0.518,0.745625,0.23362499999999997
1.402402621281298,0.6065450280933788,0.25001249999999997,713.209398257,0.5245,1.3932104647159576,,1764275274.8547497,0.795857593187919,0.5552987846044393,,24,0.5093,0.7593125,0.23081249999999998
1.3908612365964093,0.6376108240680778,0.2599125,741.121065618,0.5325,1.37374966442585,,1764275300.8867192,0.7532504125283315,0.6399600521876261,,25,0.5184,0.7783125,0.2538125
1.4387030782578867,0.7324439653954464,0.2890125,768.662822809,0.51475,1.4413333624601363,,1764275328.3955905,0.7062591128624403,0.6674905515634098,,26,0.5103,0.7993125,0.2668125
1.6270235520374925,0.9406064826940723,0.31116249999999995,794.266087702,0.504,1.6289111211895944,,1764275355.9951186,0.6864170693434202,0.7549162931167162,,27,0.4914,0.8025625,0.2878124999999999
1.5776084978369218,0.9695814347560241,0.331075,819.630123114,0.508,1.5820048868656158,,1764275381.526674,0.6080270630808977,1.0208840581086966,,28,0.5013,0.832375,0.328375
1.556914984425412,1.012700378254941,0.35245000000000004,845.720558914,0.5185,1.5441114529967308,,1764275407.2385197,0.5442146061704709,1.037790280695145,,29,0.5083,0.86075,0.35275
1.6317728003369103,1.1364837069662892,0.3742,872.113193834,0.50625,1.6379637718200684,,1764275433.684982,0.495289093370621,1.0488223596261097,,30,0.5008,0.875,0.35650000000000004
1.6005571884444998,1.1508367320506343,0.38136249999999994,899.955578075,0.517,1.5738088965415955,,1764275459.7218115,0.44972045639386543,1.1882433154262029,,31,0.5087,0.8900625,0.3838125
1.5382327128060256,1.1435747612699387,0.39890000000000003,925.263950388,0.51825,1.5087257146835327,,1764275487.0648775,0.3946579515360869,1.1791509450055087,,32,0.5081,0.907,0.39
1.5547475754460203,1.209876580632853,0.4106000000000001,952.006333761,0.53,1.5218753576278687,,1764275513.4837794,0.34487099481316713,1.1638547198703655,,33,0.5094,0.92,0.40175000000000005
1.6040160082563568,1.3107007482586954,0.4309375,977.928475042,0.52175,1.5894989162683486,,1764275539.3414931,0.29331525999766134,1.2285600976302073,,34,0.504,0.9349375,0.40493749999999995
1.6295681558077848,1.3759060390968285,0.4486625,1004.162395229,0.514,1.6062493175268173,,1764275565.1996741,0.2536621167109563,1.3358367995573923,,35,0.4994,0.9480625,0.4263125
1.6448243071761313,1.4246387601120012,0.4545625000000001,1031.574837891,0.51525,1.6295431420207023,,1764275591.6233823,0.2201855470641301,1.3860637704626873,,36,0.5015,0.9560625,0.4420625
1.6679929525037356,1.4744291035978971,0.4621375,1057.134598157,0.51225,1.6564767777919769,,1764275619.3662064,0.19356384890583844,1.4359792931148638,,37,0.5003,0.9624375,0.44718749999999996
1.7145149360729168,1.545032456398605,0.474025,1082.860365018,0.5125,1.6827641382813454,,1764275644.7095363,0.16948247967431176,1.4869942981176651,,38,0.4956,0.969625,0.457375
1.7826826376251028,1.6297702549295654,0.47819999999999996,1108.687785114,0.50175,1.73907008767128,,1764275669.962244,0.15291238269553736,1.529851755585808,,39,0.4948,0.973,0.4605
1.9168696358234067,1.782559417145909,0.506225,1136.438272091,0.47275,1.8725596472620964,,1764275696.213548,0.13431021867749782,1.604759868993782,,40,0.4719,0.978125,0.476375
1.9392804571344882,1.8289869268485566,0.5149375,1164.36077674,0.4725,1.8871290057897567,,1764275724.3995976,0.11029353028593156,1.7622661169761649,,41,0.468,0.9829375,0.5101875
1.9532312969618206,1.864334969854249,0.5209625,1190.151060694,0.47175,1.9097692415118217,,1764275751.9053662,0.08889632710757164,1.7982326786821852,,42,0.4681,0.9890625,0.5165625
1.946417268318466,1.8714795478936121,0.5203125000000001,1218.965207832,0.47775,1.90403972864151,,1764275778.618666,0.07493772042485383,1.834831521086968,,43,0.472,0.9923125,0.5205625
1.9820816562145571,1.917944621867133,0.5232375,1245.357931507,0.48025,1.9373499974608421,,1764275806.6373703,0.06413703434742414,1.839902694294086,,44,0.4712,0.9944375,0.5166875
1.9949869234350663,1.9401920467277785,0.5178750000000001,1272.849263201,0.48275,1.9517817199230194,,1764275832.7094512,0.05479487670728794,1.8825551207535542,,45,0.4785,0.996375,0.516125
1.9257455898236624,1.8790130569459007,0.4972375,1299.711317037,0.5025,1.8828376173973083,,1764275860.5038877,0.046732532877761586,1.9050491870452577,,46,0.5002,0.9974375,0.5146875
1.8573863355419304,1.8182432994151265,0.48807500000000004,1325.199723788,0.521,1.8177880614995956,,1764275886.991296,0.03914303612680389,1.8436945812705043,,47,0.5103,0.998375,0.49587500000000007
1.8286604715299002,1.7960607301697276,0.4779125000000001,1352.906564281,0.53075,1.790287859737873,,1764275912.8415527,0.03259974136017263,1.785188320139423,,48,0.5214,0.9993125,0.47831250000000003
1.8354712015465846,1.807359448761272,0.474525,1379.089037579,0.5375,1.796554645895958,,1764275940.632208,0.02811175278531244,1.7621761069525606,,49,0.5251,0.999625,0.46887499999999993
1.8532363357423227,1.8284687680306553,0.47387499999999994,1405.71263459,0.53675,1.8156433999538422,,1764275966.8244662,0.02476756771166737,1.7717870781842906,,50,0.526,0.999875,0.462375
1.865310788154602,1.8431069754493925,0.4757,1433.240307833,0.539,1.8277353376150132,,1764275993.0219696,0.022203812705209623,1.7934395872486326,,51,0.5243,1.0,0.46325000000000005
1.8728567407101016,1.8527268575604627,0.476,1461.07261392,0.54025,1.837982864677906,,1764276020.7090142,0.02012988314963877,1.8076054544653744,,52,0.524,1.0,0.46099999999999997
1.8819785766963717,1.8636796710920676,0.4759,1487.030950615,0.54075,1.8477566853165626,,1764276048.6856563,0.018298905604304028,1.8196839590736018,,53,0.5241,1.0,0.45975
1.892819163165515,1.8759811026580357,0.476,1515.256485646,0.54225,1.8578274846076965,,1764276074.6982222,0.016838060507479196,1.8309186248090834,,54,0.524,1.0,0.45925000000000005
1.9006774259518973,1.885100583701953,0.47609999999999997,1541.396756646,0.54225,1.86554397046566,,1764276102.9014447,0.015576842249944232,1.8422506423577523,,55,0.5239,1.0,0.45775
1.909897982319699,1.8953926080582344,0.4758,1568.462638397,0.54175,1.8737578704953193,,1764276128.9733298,0.014505374261464636,1.8510385962041953,,56,0.5242,1.0,0.45775
1.9165005940425246,1.9029353010092755,0.47519999999999996,1594.340955649,0.54125,1.8796035766601562,,1764276155.8215225,0.013565293033249104,1.8601925774620702,,57,0.5248,1.0,0.45825000000000005
1.9234600987615464,1.9107039715009928,0.4746,1620.847605281,0.54275,1.884680411219597,,1764276182.1634116,0.012756127260553722,1.8668474493996026,,58,0.5254,1.0,0.45875
1.9302404922775076,1.9182116523798567,0.4736,1649.047286325,0.54175,1.8908039793372153,,1764276208.5641692,0.012028839897650937,1.872651571321946,,59,0.5264,1.0,0.45725000000000005
1.936258856254288,1.9248578218301349,0.47340000000000004,1675.500942768,0.542,1.8954968571662902,,1764276236.9106104,0.011401034424153085,1.8794029449130623,,60,0.5266,1.0,0.45825000000000005
1.9423384213749366,1.9315140087856886,0.4736,1703.046883766,0.54275,1.9012906953692437,,1764276263.013888,0.010824412589247982,1.8846724445770422,,61,0.5264,1.0,0.45799999999999996
1.9487451873248136,1.9384431568989366,0.4728,1728.540006038,0.54175,1.9064141273498536,,1764276290.7315917,0.010302030425876952,1.8909886649433667,,62,0.5272,1.0,0.45725000000000005
1.9553238907946815,1.9454927439758092,0.47309999999999997,1754.746238104,0.54275,1.912086483836174,,1764276316.2033315,0.009831146818872254,1.8965829805309813,,63,0.5269,1.0,0.45825000000000005
1.9616684611839583,1.9522657666576866,0.47219999999999995,1785.118975852,0.5415,1.9177049845457077,,1764276346.27707,0.009402694526271752,1.9026837893099022,,64,0.5278,1.0,0.45725000000000005
1.9678410291671753,1.9588386986744948,0.47230000000000005,1813.651164426,0.541,1.9227205634117126,,1764276373.0211372,0.009002330492680462,1.9087026540530272,,65,0.5277,1.0,0.4585
1.9739089057415347,1.9652859447176405,0.47219999999999995,1839.530914583,0.541,1.9278225243091582,,1764276401.290772,0.008622961023894067,1.9140976023878185,,66,0.5278,1.0,0.45899999999999996
1.9798493762559528,1.971568451848295,0.47219999999999995,1866.439304312,0.54075,1.9335325047373773,,1764276427.4101863,0.008280924407657809,1.9195415999015004,,67,0.5278,1.0,0.45899999999999996
1.9857853952842424,1.9778164310983184,0.47250000000000003,1892.590527607,0.54125,1.938618266582489,,1764276454.0005229,0.00796896418592391,1.9255635405514533,,68,0.5275,1.0,0.45925000000000005
1.9914985442463355,1.9838255881126803,0.47250000000000003,1919.626931907,0.54,1.9437684535980224,,1764276480.2764895,0.007672956133655344,1.9309453104488337,,69,0.5275,1.0,0.45875
1.9971471511864964,1.989750009918306,0.4726,1950.243959536,0.54025,1.9491094321012497,,1764276507.2351387,0.007397141268190283,1.936371312329832,,70,0.5274,1.0,0.45999999999999996
2.0025490220588975,1.9954074393212207,0.4729,1977.170696425,0.54025,1.9542265206575393,,1764276538.4477458,0.0071415827376767995,1.9419678493635728,,71,0.5271,1.0,0.45975
2.0077805036230933,2.0008848147932214,0.47230000000000005,2004.779686614,0.5395,1.9588259786367417,,1764276564.71319,0.006895688829871897,1.9473308318276674,,72,0.5277,1.0,0.45975
2.0130651404586017,2.006393828664538,0.4727,2035.546497803,0.53975,1.963702568411827,,1764276595.4857144,0.006671311794063793,1.952154666842678,,73,0.5273,1.0,0.4605
2.0180409135697763,2.0115843693831073,0.47240000000000004,2063.388155659,0.54,1.968246790766716,,1764276623.2129672,0.006456544186669187,1.957246024225158,,74,0.5276,1.0,0.46025000000000005
2.022884457926207,2.0166299026260064,0.47240000000000004,2090.186461579,0.5405,1.9731007665395737,,1764276651.3955529,0.006254555300200502,1.9619922354665156,,75,0.5276,1.0,0.45999999999999996
2.027772263635563,2.021709281622687,0.4729,2117.739277319,0.54,1.9772908568382264,,1764276677.4829094,0.006062982012875951,1.9670377845266978,,76,0.5271,1.0,0.4595
2.032442873037314,2.0265542794768714,0.47240000000000004,2144.425606665,0.54,1.9814856827259064,,1764276705.5783756,0.005888593560442901,1.9714022632777835,,77,0.5276,1.0,0.45999999999999996
2.0370516128177885,2.0313349960051967,0.47209999999999996,2170.164481233,0.53875,1.9858967751264571,,1764276731.9572954,0.005716616812591942,1.9757690659133145,,78,0.5279,1.0,0.45999999999999996
2.041557239580758,2.0360008491928205,0.47209999999999996,2196.451035005,0.5395,1.9897674381732942,,1764276757.9068856,0.005556390387937427,1.9803403847385197,,79,0.5279,1.0,0.46125000000000005
2.045792611339424,2.0403909564271934,0.47209999999999996,2222.654437704,0.53925,1.9942006707191466,,1764276784.3633683,0.005401654912230487,1.9843657832610637,,80,0.5279,1.0,0.4605
2.050214222714871,2.0449601810937317,0.47230000000000005,2248.466962228,0.53975,1.998267012834549,,1764276810.1161976,0.00525404162113913,1.9889466290980076,,81,0.5277,1.0,0.46075
2.054480973678299,2.0493644545326317,0.47240000000000004,2274.82065629,0.54,2.002336782217026,,1764276836.0529764,0.005116519145667553,1.9931504936888815,,82,0.5276,1.0,0.46025000000000005
2.058772840077364,2.0537899487710827,0.47219999999999995,2305.200455815,0.54,2.0063447639346124,,1764276866.5072618,0.00498289130628109,1.997353890910745,,83,0.5278,1.0,0.45999999999999996
2.062916407102271,2.0580601535418532,0.47209999999999996,2333.188465536,0.54,2.010282242298126,,1764276892.9606473,0.004856253560417547,2.0014885103741946,,84,0.5279,1.0,0.45999999999999996
2.0668992407714266,2.062164941007891,0.4718,2360.703691968,0.5395,2.0139457285404205,,1764276921.6804276,0.0047342997635356505,2.0055479425345903,,85,0.5282,1.0,0.45999999999999996
2.0708465787428842,2.066230188336014,0.4718,2387.854393048,0.53975,2.017297723889351,,1764276948.1871529,0.004616390406870498,2.00932933813355,,86,0.5282,1.0,0.4605
2.0747371263141874,2.0702329252320686,0.4719,2413.343010876,0.54,2.0210216253995896,,1764276975.2965224,0.004504201082118715,2.012793522807232,,87,0.5281,1.0,0.46025000000000005
2.0785436901865126,2.074144553107585,0.47219999999999995,2441.88501804,0.54,2.024872662127018,,1764277001.5449696,0.0043991370789276864,2.016622488320662,,88,0.5278,1.0,0.45999999999999996
2.082312861575356,2.078016134642213,0.4717,2470.815142596,0.54025,2.0281265869736673,,1764277032.4884746,0.004296726933143173,2.020575935193875,,89,0.5283,1.0,0.45999999999999996
2.0859641651564007,2.081765591515638,0.472,2498.053792262,0.5405,2.031375025212765,,1764277058.138971,0.004198573640762614,2.0239280133329047,,90,0.528,1.0,0.45975
2.0896101299720473,2.0855053552106395,0.47240000000000004,2525.485025978,0.5405,2.0345350340008737,,1764277085.551556,0.004104774761407707,2.027270250451357,,91,0.5276,1.0,0.4595
2.0931377757953693,2.089123060764222,0.47230000000000005,2552.841437667,0.5405,2.0378015279769897,,1764277113.4288564,0.004014715031147576,2.0305203189697263,,92,0.5277,1.0,0.4595
2.0967206698429735,2.0927929429990417,0.47240000000000004,2580.313894344,0.5405,2.0414161399006843,,1764277139.9352992,0.00392772684393164,2.033873801133058,,93,0.5276,1.0,0.4595
2.10004151923747,2.0961972083282467,0.4726,2605.897128896,0.5405,2.0444925755262373,,1764277167.7646868,0.003844310909223098,2.037571828991461,,94,0.5274,1.0,0.4595
2.103527381450315,2.0997639342624024,0.4726,2633.751827588,0.5405,2.0475940838456155,,1764277193.6881154,0.0037634471879125792,2.0407291283383246,,95,0.5274,1.0,0.4595
2.1067411627950547,2.1030549863114816,0.473,2662.084545169,0.54075,2.050355263054371,,1764277221.8463745,0.003686176483573106,2.0439079073620423,,96,0.527,1.0,0.4595
2.1100074807299842,2.1063960604097987,0.4729,2687.932521474,0.54125,2.053372272849083,,1764277249.3171895,0.003611420320185761,2.0467438427341853,,97,0.5271,1.0,0.45925000000000005
2.1131695056263404,2.10962945133806,0.47350000000000003,2714.162694064,0.5405,2.056226170063019,,1764277275.6960156,0.0035400542882808414,2.049832218560802,,98,0.5265,1.0,0.45875
2.1164387509792664,2.112967607140926,0.47319999999999995,2743.376499689,0.5405,2.0594737723469736,,1764277304.840512,0.0034711438383405596,2.0527550262246783,,99,0.5268,1.0,0.4595
2.1195977790446223,2.1161948172397325,0.4737,2758.650976626,0.541,2.0623775258660317,,1764277332.8271549,0.0034029618048897156,2.0560708105420837,,100,0.5263,1.0,0.4595
