Mod,Nsh,Ntr,AUC,Dist
Shokri-CNN,1,15000,0.66,IID
Shokri-CNN,3,10000,0.66,IID
Shokri-CNN,10,10000,0.66,IID
Shokri-CNN,20,10000,0.66,IID
Shokri-CNN,1,15000,0.65,non-IID
Shokri-CNN,3,10000,0.65,non-IID
Shokri-CNN,10,10000,0.65,non-IID
Shokri-CNN,20,10000,0.65,non-IID
ResNet-18,1,15000,0.81,IID
ResNet-18,3,10000,0.81,IID
ResNet-18,10,10000,0.81,IID
ResNet-18,20,10000,0.81,IID
ResNet-18,1,15000,0.79,non-IID
ResNet-18,3,10000,0.79,non-IID
ResNet-18,10,10000,0.78,non-IID
ResNet-18,20,10000,0.78,non-IID
