run-name,_runtime,"Overfitting-Gap (Clients aggregiert, Accuracy)","Overfitting-Gap (Clients aggregiert, Loss)","Overfitting-Gap (Server, Accuracy)","Overfitting-Gap (Server, Loss)",Test-Accuracy (Server),Test-Loss (Server),Trainings-Accuracy (Clients aggregiert),Trainings-Loss (Clients aggregiert),Validierungs-Accuracy (Clients aggregiert),Validierungs-Loss (Clients aggregiert),model,local-epochs,weight-decay,dirichlet-alpha,num-server-rounds,iid-data-distribution,num-clients
run0,2111.45,0.31,0.96,0.31,1.0,0.65,1.18,0.97,0.18,0.66,1.14,simple_model,1,0.0,0.0,100,True,5
run1,2437.33,0.44,2.03,0.44,2.07,0.56,2.07,1.0,0.0,0.56,2.03,complex_model,1,0.0,0.0,100,True,5
run2,2195.72,0.36,1.17,0.36,1.19,0.63,1.24,1.0,0.05,0.64,1.22,simple_model_with_dropout,1,0.0005,0.0,100,True,5
run3,2539.64,0.45,1.88,0.44,1.9,0.56,1.9,1.0,0.0,0.55,1.88,complex_model_with_dropout,1,0.0005,0.0,100,True,5
run4,2154.64,0.38,1.37,0.38,1.35,0.6,1.43,0.98,0.08,0.6,1.45,simple_model,1,0.0,0.1,100,False,5
run5,2568.48,0.5,2.7,0.49,2.72,0.51,2.72,1.0,0.01,0.5,2.71,complex_model,1,0.0,0.1,100,False,5
run6,2145.64,0.41,1.39,0.41,1.32,0.59,1.37,0.99,0.05,0.58,1.45,simple_model_with_dropout,1,0.0005,0.1,100,False,5
run7,2533.28,0.5,2.2,0.49,2.13,0.51,2.14,1.0,0.01,0.5,2.21,complex_model_with_dropout,1,0.0005,0.1,100,False,5
run8,2139.03,0.34,1.12,0.36,1.21,0.62,1.32,0.98,0.12,0.64,1.24,simple_model,1,0.0,0.5,100,False,5
run9,2508.32,0.45,2.3,0.46,2.29,0.54,2.29,1.0,0.0,0.55,2.3,complex_model,1,0.0,0.5,100,False,5
run10,2131.22,0.39,1.24,0.38,1.26,0.62,1.3,1.0,0.04,0.61,1.28,simple_model_with_dropout,1,0.0005,0.5,100,False,5
run11,2536.43,0.46,2.03,0.45,2.05,0.55,2.05,1.0,0.0,0.54,2.04,complex_model_with_dropout,1,0.0005,0.5,100,False,5
run12,463.46,0.33,1.21,0.35,1.3,0.65,1.34,1.0,0.04,0.66,1.27,simple_model,5,0.0,0.0,20,True,5
run13,558.58,0.42,1.98,0.42,2.08,0.58,2.08,1.0,0.0,0.58,2.0,complex_model,5,0.0,0.0,20,True,5
run14,451.77,0.34,1.29,0.35,1.36,0.64,1.44,0.99,0.08,0.64,1.39,simple_model_with_dropout,5,0.0005,0.0,20,True,5
run15,569.35,0.4,1.8,0.41,1.87,0.59,1.87,1.0,0.0,0.6,1.81,complex_model_with_dropout,5,0.0005,0.0,20,True,5
run16,469.52,0.4,1.44,0.39,1.41,0.6,1.45,0.99,0.04,0.59,1.49,simple_model,5,0.0,0.1,20,False,5
run17,633.55,0.47,2.05,0.47,1.97,0.53,1.97,1.0,0.0,0.53,2.07,complex_model,5,0.0,0.1,20,False,5
run18,464.49,0.4,1.49,0.4,1.46,0.59,1.52,0.98,0.06,0.59,1.56,simple_model_with_dropout,5,0.0005,0.1,20,False,5
run19,638.62,0.44,1.69,0.45,1.63,0.55,1.64,1.0,0.0,0.56,1.69,complex_model_with_dropout,5,0.0005,0.1,20,False,5
run20,470.64,0.37,1.32,0.37,1.39,0.62,1.43,0.99,0.04,0.63,1.38,simple_model,5,0.0,0.5,20,False,5
run21,564.79,0.44,2.01,0.44,2.07,0.56,2.07,1.0,0.0,0.56,2.03,complex_model,5,0.0,0.5,20,False,5
run22,464.0,0.37,1.34,0.37,1.41,0.62,1.48,0.99,0.06,0.62,1.41,simple_model_with_dropout,5,0.0005,0.5,20,False,5
run23,551.83,0.4,1.73,0.42,1.78,0.58,1.78,1.0,0.0,0.6,1.73,complex_model_with_dropout,5,0.0005,0.5,20,False,5
run24,237.11,0.34,1.22,0.35,1.32,0.65,1.36,0.99,0.05,0.65,1.29,simple_model,10,0.0,0.0,10,True,5
run25,317.65,0.43,1.87,0.42,1.96,0.58,1.96,1.0,0.0,0.57,1.91,complex_model,10,0.0,0.0,10,True,5
run26,246.19,0.33,1.26,0.34,1.38,0.64,1.48,0.98,0.1,0.65,1.41,simple_model_with_dropout,10,0.0005,0.0,10,True,5
run27,311.19,0.4,1.75,0.4,1.86,0.6,1.86,1.0,0.0,0.6,1.77,complex_model_with_dropout,10,0.0005,0.0,10,True,5
run28,275.99,0.41,1.46,0.4,1.43,0.6,1.47,0.99,0.03,0.59,1.51,simple_model,10,0.0,0.1,10,False,5
run29,403.31,0.48,1.87,0.48,1.79,0.51,1.82,0.99,0.03,0.5,1.92,complex_model,10,0.0,0.1,10,False,5
run30,264.45,0.42,1.56,0.4,1.52,0.58,1.57,0.99,0.05,0.57,1.62,simple_model_with_dropout,10,0.0005,0.1,10,False,5
run31,409.26,0.48,1.61,0.45,1.52,0.54,1.53,1.0,0.01,0.54,1.56,complex_model_with_dropout,10,0.0005,0.1,10,False,5
run32,243.37,0.36,1.31,0.37,1.39,0.63,1.43,0.99,0.04,0.63,1.38,simple_model,10,0.0,0.5,10,False,5
run33,346.74,0.44,1.85,0.45,1.94,0.55,1.94,1.0,0.0,0.55,1.89,complex_model,10,0.0,0.5,10,False,5
run34,243.17,0.37,1.35,0.37,1.45,0.61,1.52,0.98,0.07,0.62,1.46,simple_model_with_dropout,10,0.0005,0.5,10,False,5
run35,348.94,0.43,1.67,0.43,1.71,0.57,1.72,1.0,0.0,0.57,1.71,complex_model_with_dropout,10,0.0005,0.5,10,False,5
