run-name,Runtime_Flower,Overfitting Gap Loss (Clients),Overfitting Gap Acc. (Clients),Overfitting Gap Acc.,Overfitting Gap Loss,Test-Accuracy (Server),Test-Loss (Server),Trainings-Accuracy (Clients aggregiert),Trainings-Loss (Clients aggregiert),Validierungs-Accuracy (Clients aggregiert),Validierungs-Loss (Clients aggregiert),model,local-epochs,num-server-rounds,num-clients,Runtime_MIA,num_shadow_models,shadow_epochs,train_size,metrics/AUC,metrics/Accuracy,metrics/F1-Score,metrics/Precision,metrics/Recall,std/std_AUC,std/std_Accuracy,std/std_F1-Score,std/std_Precision,std/std_Recall,regularization,data_distribution
run0,2120.09,0.32,1.0,0.33,1.01,0.64,1.19,0.97,0.17,0.65,1.18,Shokri-CNN,1,100,5,114,1,100,15000,0.66,0.54,0.39,0.6,0.31,0.06,0.01,0.08,0.05,0.1,False,IID
run1,2436.08,0.43,2.0,0.46,2.12,0.54,2.12,1.0,0.0,0.57,2.0,ResNet-18,1,100,5,318,1,100,15000,0.81,0.79,0.8,0.76,0.84,0.04,0.04,0.03,0.06,0.02,False,IID
run2,2172.56,0.36,1.17,0.37,1.18,0.63,1.23,1.0,0.05,0.63,1.22,Shokri-CNN,1,100,5,114,1,100,15000,0.59,0.53,0.37,0.57,0.29,0.03,0.01,0.08,0.04,0.1,True,IID
run3,2397.88,0.45,1.85,0.45,1.98,0.55,1.98,1.0,0.0,0.55,1.85,ResNet-18,1,100,5,319,1,100,15000,0.78,0.73,0.73,0.75,0.71,0.05,0.04,0.03,0.06,0.02,True,IID
run4,2071.01,0.38,1.45,0.38,1.4,0.6,1.5,0.98,0.1,0.59,1.55,Shokri-CNN,1,100,5,115,1,100,15000,0.65,0.58,0.44,0.62,0.38,0.06,0.06,0.2,0.07,0.2,False,non-IID
run5,2407.85,0.51,3.01,0.52,3.09,0.48,3.1,1.0,0.01,0.49,3.03,ResNet-18,1,100,5,316,1,100,15000,0.79,0.73,0.68,0.77,0.69,0.06,0.09,0.21,0.08,0.27,False,non-IID
run6,2074.4,0.42,1.39,0.4,1.34,0.59,1.4,0.99,0.06,0.57,1.45,Shokri-CNN,1,100,5,115,1,100,15000,0.58,0.53,0.32,0.56,0.26,0.03,0.02,0.15,0.04,0.15,True,non-IID
run7,2420.07,0.52,2.52,0.52,2.52,0.48,2.52,1.0,0.01,0.48,2.53,ResNet-18,1,100,5,321,1,100,15000,0.77,0.69,0.6,0.79,0.58,0.05,0.1,0.26,0.09,0.27,True,non-IID
run8,2084.62,0.36,1.24,0.36,1.19,0.62,1.31,0.98,0.11,0.62,1.35,Shokri-CNN,1,100,5,113,1,100,15000,0.63,0.54,0.39,0.6,0.3,0.06,0.03,0.06,0.08,0.08,False,semi-non-IID
run9,2390.37,0.48,2.45,0.47,2.45,0.53,2.45,1.0,0.0,0.52,2.45,ResNet-18,1,100,5,313,1,100,15000,0.8,0.76,0.77,0.75,0.8,0.04,0.04,0.03,0.06,0.05,False,semi-non-IID
run10,2062.21,0.39,1.32,0.39,1.27,0.61,1.31,1.0,0.04,0.61,1.37,Shokri-CNN,1,100,5,114,1,100,15000,0.57,0.52,0.33,0.55,0.26,0.04,0.01,0.09,0.05,0.1,True,semi-non-IID
run11,2365.75,0.47,2.19,0.48,2.17,0.52,2.17,1.0,0.0,0.53,2.2,ResNet-18,1,100,5,319,1,100,15000,0.77,0.71,0.7,0.75,0.66,0.05,0.04,0.05,0.07,0.07,True,semi-non-IID
run12,440.07,0.35,1.26,0.35,1.3,0.65,1.34,1.0,0.04,0.65,1.32,Shokri-CNN,5,20,5,112,1,100,15000,0.67,0.58,0.52,0.62,0.46,0.06,0.02,0.04,0.06,0.08,False,IID
run13,528.0,0.42,2.0,0.42,2.1,0.58,2.11,1.0,0.0,0.58,2.01,ResNet-18,5,20,5,315,1,100,15000,0.81,0.78,0.8,0.74,0.87,0.05,0.04,0.03,0.06,0.02,False,IID
run14,446.95,0.36,1.32,0.36,1.37,0.63,1.45,0.99,0.08,0.63,1.43,Shokri-CNN,5,20,5,114,1,100,15000,0.64,0.58,0.53,0.61,0.48,0.04,0.02,0.05,0.05,0.1,True,IID
run15,523.7,0.4,1.82,0.4,1.83,0.6,1.83,1.0,0.0,0.6,1.82,ResNet-18,5,20,5,322,1,100,15000,0.8,0.77,0.79,0.74,0.86,0.05,0.04,0.02,0.05,0.02,True,IID
run16,457.72,0.4,1.52,0.4,1.5,0.59,1.54,0.99,0.04,0.59,1.57,Shokri-CNN,5,20,5,113,1,100,15000,0.64,0.57,0.44,0.58,0.39,0.07,0.05,0.2,0.12,0.21,False,non-IID
run17,593.96,0.49,2.32,0.49,2.28,0.51,2.29,1.0,0.0,0.51,2.35,ResNet-18,5,20,5,313,1,100,15000,0.77,0.71,0.63,0.75,0.63,0.07,0.1,0.26,0.07,0.28,False,non-IID
run18,454.76,0.41,1.62,0.4,1.55,0.58,1.61,0.98,0.06,0.57,1.69,Shokri-CNN,5,20,5,113,1,100,15000,0.62,0.56,0.43,0.62,0.39,0.05,0.04,0.19,0.06,0.21,True,non-IID
run19,598.46,0.46,1.77,0.46,1.82,0.54,1.83,1.0,0.0,0.54,1.77,ResNet-18,5,20,5,321,1,100,15000,0.77,0.7,0.6,0.7,0.57,0.06,0.1,0.26,0.24,0.28,True,non-IID
run20,445.63,0.38,1.41,0.37,1.35,0.63,1.39,0.99,0.04,0.61,1.47,Shokri-CNN,5,20,5,115,1,100,15000,0.62,0.55,0.44,0.59,0.37,0.06,0.04,0.09,0.07,0.11,False,semi-non-IID
run21,547.36,0.45,2.19,0.45,2.13,0.55,2.13,1.0,0.0,0.55,2.21,ResNet-18,5,20,5,315,1,100,15000,0.78,0.74,0.74,0.74,0.74,0.05,0.05,0.05,0.07,0.08,False,semi-non-IID
run22,454.09,0.39,1.43,0.37,1.4,0.62,1.46,0.99,0.06,0.6,1.51,Shokri-CNN,5,20,5,111,1,100,15000,0.6,0.55,0.47,0.58,0.4,0.05,0.03,0.08,0.06,0.1,True,semi-non-IID
run23,547.08,0.44,1.84,0.43,1.78,0.57,1.79,1.0,0.0,0.56,1.84,ResNet-18,5,20,5,320,1,100,15000,0.77,0.72,0.71,0.74,0.7,0.06,0.06,0.07,0.07,0.1,True,semi-non-IID
run24,229.36,0.35,1.27,0.35,1.31,0.64,1.36,0.99,0.05,0.64,1.35,Shokri-CNN,10,10,5,113,1,100,15000,0.64,0.57,0.5,0.6,0.44,0.05,0.02,0.05,0.05,0.09,False,IID
run25,302.15,0.43,1.89,0.43,2.02,0.57,2.02,1.0,0.0,0.57,1.93,ResNet-18,10,10,5,318,1,100,15000,0.79,0.77,0.79,0.74,0.84,0.05,0.04,0.03,0.06,0.02,False,IID
run26,230.63,0.34,1.32,0.34,1.38,0.63,1.48,0.98,0.1,0.63,1.47,Shokri-CNN,10,10,5,113,1,100,15000,0.63,0.58,0.54,0.6,0.5,0.04,0.02,0.05,0.04,0.1,True,IID
run27,305.2,0.4,1.75,0.4,1.86,0.6,1.87,1.0,0.0,0.6,1.78,ResNet-18,10,10,5,317,1,100,15000,0.79,0.76,0.78,0.73,0.84,0.05,0.04,0.03,0.06,0.02,True,IID
run28,253.43,0.41,1.57,0.41,1.54,0.58,1.57,0.99,0.04,0.58,1.62,Shokri-CNN,10,10,5,113,1,100,15000,0.63,0.57,0.43,0.56,0.38,0.06,0.05,0.2,0.19,0.2,False,non-IID
run29,387.29,0.5,1.9,0.48,1.94,0.52,1.95,1.0,0.01,0.51,1.91,ResNet-18,10,10,5,312,1,100,15000,0.74,0.67,0.56,0.67,0.52,0.08,0.09,0.24,0.23,0.26,False,non-IID
run30,257.98,0.42,1.71,0.42,1.65,0.57,1.71,0.98,0.06,0.56,1.78,Shokri-CNN,10,10,5,113,1,100,15000,0.63,0.57,0.45,0.6,0.42,0.06,0.05,0.21,0.06,0.22,True,non-IID
run31,386.98,0.46,1.58,0.46,1.62,0.54,1.63,1.0,0.01,0.54,1.62,ResNet-18,10,10,5,320,1,100,15000,0.75,0.66,0.53,0.7,0.46,0.07,0.1,0.25,0.24,0.25,True,non-IID
run32,231.37,0.37,1.41,0.36,1.35,0.63,1.39,0.99,0.04,0.62,1.48,Shokri-CNN,10,10,5,113,1,100,15000,0.6,0.54,0.43,0.58,0.36,0.06,0.04,0.09,0.06,0.11,False,semi-non-IID
run33,320.57,0.46,1.96,0.46,1.97,0.54,1.97,1.0,0.0,0.54,2.01,ResNet-18,10,10,5,315,1,100,15000,0.74,0.67,0.62,0.71,0.56,0.06,0.05,0.07,0.07,0.1,False,semi-non-IID
run34,236.62,0.38,1.44,0.37,1.4,0.61,1.47,0.98,0.07,0.6,1.55,Shokri-CNN,10,10,5,114,1,100,15000,0.6,0.55,0.46,0.58,0.4,0.06,0.04,0.09,0.06,0.12,True,semi-non-IID
run35,326.17,0.43,1.73,0.44,1.72,0.56,1.72,1.0,0.0,0.56,1.76,ResNet-18,10,10,5,318,1,100,15000,0.74,0.66,0.61,0.71,0.54,0.06,0.06,0.09,0.08,0.12,True,semi-non-IID
