Modell,Reg.,Datenverteilung,Epochen,MIA AUC,Acc.,Prec.,Rec.,F1
Shokri-CNN,Ohne,IID,1,0.66,0.54,0.6,0.31,0.39
Shokri-CNN,Ohne,IID,5,0.67,0.58,0.62,0.46,0.52
Shokri-CNN,Ohne,IID,10,0.64,0.57,0.6,0.44,0.5
Shokri-CNN,Ohne,semi-non-IID,1,0.63,0.54,0.6,0.3,0.39
Shokri-CNN,Ohne,semi-non-IID,5,0.62,0.55,0.59,0.37,0.44
Shokri-CNN,Ohne,semi-non-IID,10,0.6,0.54,0.58,0.36,0.43
Shokri-CNN,Ohne,non-IID,1,0.65,0.58,0.62,0.38,0.44
Shokri-CNN,Ohne,non-IID,5,0.64,0.57,0.58,0.39,0.44
Shokri-CNN,Ohne,non-IID,10,0.63,0.57,0.56,0.38,0.43
Shokri-CNN,Mit,IID,1,0.59,0.53,0.57,0.29,0.37
Shokri-CNN,Mit,IID,5,0.64,0.58,0.61,0.48,0.53
Shokri-CNN,Mit,IID,10,0.63,0.58,0.6,0.5,0.54
Shokri-CNN,Mit,semi-non-IID,1,0.57,0.52,0.55,0.26,0.33
Shokri-CNN,Mit,semi-non-IID,5,0.6,0.55,0.58,0.4,0.47
Shokri-CNN,Mit,semi-non-IID,10,0.6,0.55,0.58,0.4,0.46
Shokri-CNN,Mit,non-IID,1,0.58,0.53,0.56,0.26,0.32
Shokri-CNN,Mit,non-IID,5,0.62,0.56,0.62,0.39,0.43
Shokri-CNN,Mit,non-IID,10,0.63,0.57,0.6,0.42,0.45
ResNet-18,Ohne,IID,1,0.81,0.79,0.76,0.84,0.8
ResNet-18,Ohne,IID,5,0.81,0.78,0.74,0.87,0.8
ResNet-18,Ohne,IID,10,0.79,0.77,0.74,0.84,0.79
ResNet-18,Ohne,semi-non-IID,1,0.8,0.76,0.75,0.8,0.77
ResNet-18,Ohne,semi-non-IID,5,0.78,0.74,0.74,0.74,0.74
ResNet-18,Ohne,semi-non-IID,10,0.74,0.67,0.71,0.56,0.62
ResNet-18,Ohne,non-IID,1,0.79,0.73,0.77,0.69,0.68
ResNet-18,Ohne,non-IID,5,0.77,0.71,0.75,0.63,0.63
ResNet-18,Ohne,non-IID,10,0.74,0.67,0.67,0.52,0.56
ResNet-18,Mit,IID,1,0.78,0.73,0.75,0.71,0.73
ResNet-18,Mit,IID,5,0.8,0.77,0.74,0.86,0.79
ResNet-18,Mit,IID,10,0.79,0.76,0.73,0.84,0.78
ResNet-18,Mit,semi-non-IID,1,0.77,0.71,0.75,0.66,0.7
ResNet-18,Mit,semi-non-IID,5,0.77,0.72,0.74,0.7,0.71
ResNet-18,Mit,semi-non-IID,10,0.74,0.66,0.71,0.54,0.61
ResNet-18,Mit,non-IID,1,0.77,0.69,0.79,0.58,0.6
ResNet-18,Mit,non-IID,5,0.77,0.7,0.7,0.57,0.6
ResNet-18,Mit,non-IID,10,0.75,0.66,0.7,0.46,0.53
