Model,Reg.,Data Dist.,Epochs,OGL,OGA,AUC
Shokri-CNN,False,IID,1,1.01,0.33,0.66
Shokri-CNN,False,IID,5,1.3,0.35,0.67
Shokri-CNN,False,IID,10,1.31,0.35,0.64
Shokri-CNN,False,semi-non-IID,1,1.19,0.36,0.63
Shokri-CNN,False,semi-non-IID,5,1.35,0.37,0.62
Shokri-CNN,False,semi-non-IID,10,1.35,0.36,0.6
Shokri-CNN,False,non-IID,1,1.4,0.38,0.65
Shokri-CNN,False,non-IID,5,1.5,0.4,0.64
Shokri-CNN,False,non-IID,10,1.54,0.41,0.63
Shokri-CNN,True,IID,1,1.18,0.37,0.59
Shokri-CNN,True,IID,5,1.37,0.36,0.64
Shokri-CNN,True,IID,10,1.38,0.34,0.63
Shokri-CNN,True,semi-non-IID,1,1.27,0.39,0.57
Shokri-CNN,True,semi-non-IID,5,1.4,0.37,0.6
Shokri-CNN,True,semi-non-IID,10,1.4,0.37,0.6
Shokri-CNN,True,non-IID,1,1.34,0.4,0.58
Shokri-CNN,True,non-IID,5,1.55,0.4,0.62
Shokri-CNN,True,non-IID,10,1.65,0.42,0.63
ResNet-18,False,IID,1,2.12,0.46,0.81
ResNet-18,False,IID,5,2.1,0.42,0.81
ResNet-18,False,IID,10,2.02,0.43,0.79
ResNet-18,False,semi-non-IID,1,2.45,0.47,0.8
ResNet-18,False,semi-non-IID,5,2.13,0.45,0.78
ResNet-18,False,semi-non-IID,10,1.97,0.46,0.74
ResNet-18,False,non-IID,1,3.09,0.52,0.79
ResNet-18,False,non-IID,5,2.28,0.49,0.77
ResNet-18,False,non-IID,10,1.94,0.48,0.74
ResNet-18,True,IID,1,1.98,0.45,0.78
ResNet-18,True,IID,5,1.83,0.4,0.8
ResNet-18,True,IID,10,1.86,0.4,0.79
ResNet-18,True,semi-non-IID,1,2.17,0.48,0.77
ResNet-18,True,semi-non-IID,5,1.78,0.43,0.77
ResNet-18,True,semi-non-IID,10,1.72,0.44,0.74
ResNet-18,True,non-IID,1,2.52,0.52,0.77
ResNet-18,True,non-IID,5,1.82,0.46,0.77
ResNet-18,True,non-IID,10,1.62,0.46,0.75
