"Overfitting-Gap (Server, Loss)",Label Distribution Heatmap,"Overfitting-Gap (Clients aggregiert, Loss)",Test-Accuracy (Server),Validierungs-Accuracy (Clients aggregiert),_step,"Overfitting-Gap (Server, Accuracy)",Label Distribution Bar,Trainings-Loss (Clients aggregiert),_runtime,Test-Loss (Server),Validierungs-Loss (Clients aggregiert),Trainings-Accuracy (Clients aggregiert),_timestamp,"Overfitting-Gap (Clients aggregiert, Accuracy)"
,"{'format': 'png', 'path': 'media/images/Label Distribution Heatmap_0_6a4cfca03f93908fee8a.png', 'sha256': '6a4cfca03f93908fee8a5a4b415c550373d60e554e4fc52f78067231f07b9d67', 'size': 39514, 'height': 316, 'width': 670, '_type': 'image-file'}",,0.0982,,0,,"{'_type': 'image-file', 'format': 'png', 'path': 'media/images/Label Distribution Bar_0_3efae13ed048aaa0c2f4.png', 'sha256': '3efae13ed048aaa0c2f4fbca906d7d54e1390e12688f463dd9ec2101fdb0c7a2', 'size': 19418, 'height': 480, 'width': 640}",,20.037522409,2.5432231184802476,,,1764198339.9029856,
1.1020782191379257,,,0.2064,0.21064467766116943,1,0.2741600700087511,,1.4635769580146838,42.56032605,2.5656551771526095,2.5569572530076212,0.4805600700087511,1764198364.0164182,
0.3994468668366109,,1.0710565513081256,0.3358,0.3430784607696152,2,0.20445503187898484,,1.4859007016994956,67.083840962,1.8853475685361065,1.8851563265343299,0.5402550318789848,1764198386.704789,0.32961035421781537
0.769231410195137,,0.6694268668316969,0.3521,0.36856571714142927,3,0.23447332166520812,,1.215729459702633,89.096508041,1.9849608698977699,1.9754336369683272,0.5865733216652081,1764198411.0025504,0.24349486089559297
0.4548829100752354,,0.7971836305809903,0.4244,0.42203898050974514,4,0.2032409551193899,,1.178250006387337,113.794256037,1.6331329164625723,1.6375720485467753,0.6276409551193899,1764198433.1773489,0.2590752379779606
0.814924357401397,,0.6415000153519516,0.4127,0.41529235382308843,5,0.25188307288411055,,0.9960720331948237,135.733884999,1.8109963905962208,1.8120196261986354,0.6645830728841106,1764198457.9147894,0.24254409237436542
0.5853372442921878,,0.791005428515942,0.4525,0.44377811094452774,6,0.23277315914489305,,1.0210141976826934,160.044115347,1.6063514419748812,1.6149991080313846,0.6852731591448931,1764198479.6987233,0.26998080532180463
1.0435670695134183,,0.7535817712666997,0.3971,0.40729635182408797,7,0.3243026753344168,,0.8614173367646849,184.929543133,1.9049844062781032,1.8947906627044686,0.7214026753344168,1764198504.3495328,0.2776245643898891
0.7080609048891434,,1.0092503196612745,0.4603,0.4625187406296852,8,0.27841733966745846,,0.8855403430431942,212.104855174,1.5936012479323376,1.5927092492654882,0.7387173396674585,1764198531.7236214,0.3314209878433705
1.2544081574139323,,0.8254965853301919,0.3823,0.3905547226386807,9,0.37154423052881613,,0.7672126639352963,237.235126216,2.0216208213492286,2.0083994016985875,0.7538442305288161,1764198559.1319067,0.29132548989913093
0.9890317011101387,,1.256310873015226,0.4412,0.45002498750624687,10,0.34183537942242787,,0.7520885286833615,262.169624315,1.7411202297935002,1.7028244282720775,0.7830353794224278,1764198581.3795557,0.39248065678374716
1.4636864674080718,,1.0366661516859312,0.3856,0.39430284857571213,11,0.4141249656207026,,0.6661582765861463,284.529247847,2.129844743994218,2.1221171213039334,0.7997249656207026,1764198606.1201138,0.34969997811445575
1.6125100690405625,,1.5114902024772614,0.4056,0.41504247876061967,12,0.4220659582447806,,0.6106269188266719,309.021028616,2.2231369878672345,2.1966862503433604,0.8276659582447806,1764198628.4391263,0.4333631096690685
2.0010305945530233,,1.6715327960626576,0.3638,0.3713143428285857,13,0.49461980247530946,,0.5251534542807028,331.2396028,2.526184048833726,2.5031066900812675,0.8584198024753095,1764198653.0422604,0.4433773237146898
1.656135069299741,,2.0331675780536713,0.4455,0.4540229885057471,14,0.4268590448806101,,0.46993911202759625,354.034242042,2.126074181327337,2.111273230343074,0.8723590448806101,1764198675.412871,0.5010447020520243
2.1652115375475356,,1.6692270244656024,0.3832,0.3930534732633683,15,0.5046609826228279,,0.4420462058774717,381.766631565,2.607257743425007,2.602006883918122,0.8878609826228279,1764198701.2673435,0.43383799411708074
2.306554208203225,,2.2506509081061457,0.4163,0.42828585707146427,16,0.48875063132891616,,0.3513559758119765,403.979905329,2.6579101840152015,2.6428285649222234,0.9050506313289162,1764198725.6957927,0.5119971580655478
2.3975205514021525,,2.3092694624758003,0.3896,0.40754622688655673,17,0.5278271783972996,,0.333559102446423,428.412292063,2.7310796538485755,2.7252066441680833,0.9174271783972997,1764198747.8621747,0.48914132132583543
2.050341698952031,,2.4723281842292812,0.4497,0.46026986506746626,18,0.4822914989373672,,0.2528784599388019,452.937963086,2.303220158890833,2.305052574361297,0.9319914989373672,1764198772.3461642,0.5244452720508105
1.9065156066957631,,2.079343370782719,0.4609,0.4775112443778111,19,0.4809677334666833,,0.22570920357857804,474.781433619,2.1322248102743413,2.1199077131806585,0.9418677334666833,1764198796.903141,0.48159786839921703
2.079475766427667,,1.952008813720276,0.4718,0.47851074462768617,20,0.48713236654581826,,0.16789889946038258,497.032680165,2.24737466588805,2.23419319468549,0.9589323665458183,1764198819.1353087,0.48142112216800714
1.920814348858968,,2.086490634222806,0.4801,0.48750624687656174,21,0.48195775721965245,,0.1477025604626841,521.583914774,2.068516909321652,2.0391773598837384,0.9620577572196525,1764198841.2110198,0.4835470125919663
1.9663847822310014,,1.9223826606928949,0.4881,0.4942528735632184,22,0.48452157769721216,,0.11679469919084345,543.797153287,2.083179481421845,2.050413879023112,0.9726215776972121,1764198865.7466784,0.4851153308206504
2.0043443245032435,,1.954883696503546,0.4864,0.5,23,0.49115969496187023,,0.09553018251956588,566.04747391,2.0998745070228093,2.0418798718145346,0.9775596949618702,1764198888.0964358,0.48330682139865183
2.058345624621765,,1.9597855499960977,0.489,0.500999500249875,24,0.49249768721090137,,0.08209432181843701,590.458773314,2.140439946440202,2.095510853390986,0.9814976872109014,1764198910.1144388,0.48149768721090136
2.1144473471560885,,2.0263852850111355,0.4815,0.4950024987506247,25,0.5051233279159895,,0.0691255683798506,612.922230931,2.183572915535939,2.1357114268311377,0.9866233279159895,1764198934.6965833,0.48562382766611445
2.1161636975151286,,2.0746405275023054,0.4862,0.500999500249875,26,0.5033611951493937,,0.06107089932883224,635.098541746,2.177234596843961,2.1258863245488437,0.9895611951493937,1764198956.7899656,0.494558696398769
2.1455115892573957,,2.0711062983080226,0.4879,0.5027486256871564,27,0.504161507688461,,0.05478002624082126,659.816479526,2.200291615498217,2.1484032129530966,0.992061507688461,1764198979.2221673,0.49106200743858597
2.177085431775065,,2.099606383113905,0.49,0.5062468765617192,28,0.5035616952119015,,0.04879682983919132,681.961475879,2.2258822616142564,2.1739018380824384,0.9935616952119015,1764199003.7373745,0.4908130695247451
2.2008411973412874,,2.129862820901569,0.4907,0.5052473763118441,29,0.5042993749218652,,0.044039017180869236,706.511360006,2.2448802145221567,2.19282234564297,0.9949993749218652,1764199026.1087437,0.488752498360146
2.226620012675244,,2.153550910466284,0.4898,0.500999500249875,30,0.5060744843105388,,0.03927143517668546,731.230708733,2.2658914478519296,2.2146157506356263,0.9958744843105388,1764199050.7091753,0.4906271079986947
2.2479846903592975,,2.1800270413304434,0.4914,0.500999500249875,31,0.5050995624453056,,0.03458870930518285,753.314140277,2.2825733996644804,2.22998447123578,0.9964995624453057,1764199075.322196,0.49550006219543064
2.27317822063413,,2.199121965642814,0.4912,0.5002498750624688,32,0.5061746718339792,,0.030862505592966074,777.914974766,2.3040407262270963,2.2508176635844683,0.9973746718339792,1764199097.572584,0.49637517158410416
2.2960776341077613,,2.22304309664088,0.491,0.49975012493753124,33,0.5068747343417928,,0.027774566943588493,800.415034112,2.32385220105135,2.2699231043573413,0.9978747343417927,1764199122.2075953,0.497624859279324
2.320561199607098,,2.2449291705070142,0.4914,0.5,34,0.5068497812226529,,0.02499393385032732,823.220748785,2.345555133457425,2.2910461169508833,0.9982497812226528,1764199144.5171957,0.4984996562851216
2.341242956611169,,2.2683587727408208,0.4913,0.4995002498750625,35,0.5072623202900362,,0.02268734421006252,845.652438691,2.363930300821232,2.3088805215774864,0.9985623202900362,1764199167.699044,0.4985623202900362
2.3615671904925484,,2.2880905176161797,0.491,0.49775112443778113,36,0.5080623827978498,,0.020790003961306733,867.777112155,2.382357194453855,2.326547535539403,0.9990623827978498,1764199189.5656722,0.4995621329227873
2.380189085624382,,2.3072673059125677,0.4906,0.49725137431284355,37,0.5086499062382799,,0.019280229626835666,892.409392864,2.3994693152512174,2.342772624975276,0.9992499062382798,1764199211.786955,0.5014987818004987
2.3981214513359626,,2.3246758272075474,0.49,0.4970014992503748,38,0.5096249531191399,,0.01809679776772875,917.118584522,2.416218249103691,2.358780494576943,0.9996249531191399,1764199236.7304149,0.5023735788062964
2.4158148150905334,,2.341655620296826,0.4889,0.4947526236881559,39,0.5108499687460932,,0.017124874280116675,942.308616067,2.43293968937065,2.3748025270840754,0.9997499687460932,1764199264.218084,0.5027484694957185
2.432417088518325,,2.3584725239469106,0.4881,0.49450274862568716,40,0.51171247655957,,0.01633000313716463,966.982256059,2.44874709165549,2.3899172568100804,0.99981247655957,1764199286.5903468,0.5050598528714141
2.448606563825229,,2.374282269187791,0.4868,0.49450274862568716,41,0.5130124765595699,,0.01563498762228931,991.976683667,2.464241551447518,2.405236001812789,0.99981247655957,1764199311.0828514,0.5053097279338827
2.4649634317550713,,2.3902247909832646,0.4863,0.495752123938031,42,0.51351247655957,,0.015011210829524469,1013.984645018,2.4799746425845957,2.420747826512026,0.99981247655957,1764199335.974728,0.5053097279338827
2.4813777346815633,,2.4062906130522257,0.486,0.4962518740629685,43,0.5138749843730467,,0.01445721345980001,1038.493106616,2.4958349481413635,2.4361512888370007,0.9998749843730467,1764199358.0930164,0.5041228604350156
2.4973737078743117,,2.422193212137021,0.4852,0.4970014992503748,44,0.5146749843730467,,0.01395807669997969,1060.716506578,2.5113317845742915,2.45100097902741,0.9998749843730467,1764199382.4928305,0.5036231103100781
2.512951921030102,,2.4374867929908386,0.4848,0.49650174912543726,45,0.5151374921865233,,0.013514186036571169,1088.419514227,2.5264661070666734,2.4655778901170247,0.9999374921865233,1764199407.9751263,0.5029359929361485
2.5276089691334915,,2.452472064174122,0.4839,0.4962518740629685,46,0.5160374921865233,,0.013105825942902874,1110.679536413,2.5407147950763944,2.4797709930593195,0.9999374921865233,1764199432.5117555,0.5034357430610861
2.542535291792729,,2.4670419084652373,0.483,0.49650174912543726,47,0.5169374921865233,,0.012729084594081988,1138.531108723,2.5552643763868113,2.4938391819469694,0.9999374921865233,1764199457.9081664,0.5036856181235547
2.5566710332699922,,2.4814577317548814,0.4826,0.4962518740629685,48,0.5173374921865233,,0.01238145019208797,1160.885459776,2.5690524834620803,2.5071894082380854,0.9999374921865233,1764199482.795482,0.5034357430610861
2.5712749794114487,,2.4951255943295423,0.4821,0.49600199900049974,49,0.5178374921865233,,0.012063813908543159,1185.508485811,2.583338793319992,2.5213134758758997,0.9999374921865233,1764199505.045926,0.5036856181235547
2.585667807284555,,2.5095393563732835,0.482,0.49600199900049974,50,0.518,,0.01177411950261626,1210.702068514,2.5974419267871713,2.5347118493156513,1.0,1764199530.2347698,0.5039980009995002
2.5996223240199825,,2.523216200732307,0.4816,0.49600199900049974,51,0.5184,,0.011495648583344543,1235.640924996,2.611117972603327,2.5481205399813263,1.0,1764199555.076337,0.5039980009995002
2.613306609113388,,2.5368826900414816,0.4811,0.4950024987506247,52,0.5188999999999999,,0.011237849939844764,1260.293735613,2.6245444590532325,2.5609152711670977,1.0,1764199579.6871932,0.5039980009995002
2.6268363572560594,,2.549914852220919,0.481,0.4947526236881559,53,0.519,,0.011000418946178842,1282.981925135,2.637836776202238,2.5741026204245085,1.0,1764199604.713356,0.5049975012493753
2.6403347194492612,,2.5633232352044644,0.4809,0.4930034982508746,54,0.5191,,0.010779385220044098,1305.219244671,2.6511141046693054,2.5869703900368735,1.0,1764199627.0732074,0.5052473763118441
2.6531910310557025,,2.5764063437425873,0.4813,0.49375312343828087,55,0.5186999999999999,,0.010564046294286374,1330.208798539,2.6637550773499887,2.5994032628934782,1.0,1764199649.7782304,0.5069965017491254
2.6660985048737182,,2.589041337175275,0.4814,0.49400299850074963,56,0.5186,,0.01036192571820305,1352.633919183,2.6764604305919213,2.611915571408263,1.0,1764199674.4509199,0.5062468765617192
2.6790301577807485,,2.6017490414785756,0.481,0.49325337331334335,57,0.519,,0.010166529929687394,1377.093922324,2.689196687710436,2.62419940521275,1.0,1764199696.5933275,0.5059970014992503
2.691166026085988,,2.6142216353678513,0.4806,0.4927536231884058,58,0.5194,,0.009977769844898756,1405.016644403,2.7011437959308866,2.6362683013446446,1.0,1764199724.141584,0.5067466266866567
2.7036499605440754,,2.626475593758594,0.4806,0.4927536231884058,59,0.5194,,0.00979270758605067,1427.3060799,2.713442668130126,2.6483583365371084,1.0,1764199749.126484,0.5072463768115942
2.7157483653691847,,2.6387381236835594,0.4809,0.49325337331334335,60,0.5191,,0.00962021285354908,1452.233083181,2.7253685782227337,2.6599070311396913,1.0,1764199771.6564884,0.5072463768115942
2.7278928466396852,,2.6504568667562536,0.4811,0.49250374812593706,61,0.5188999999999999,,0.00945016438343772,1476.679808255,2.737343011023123,2.6717657453362373,1.0,1764199796.2352753,0.5067466266866567
2.739805184996145,,2.662479757812264,0.4808,0.49325337331334335,62,0.5192,,0.009285987523973327,1499.244916295,2.7490911725201186,2.683344035062088,1.0,1764199820.774536,0.5074962518740629
2.7513971636252093,,2.674215225149997,0.4811,0.49250374812593706,63,0.5188999999999999,,0.009128809912090806,1523.848256486,2.7605259735373,2.69476865546695,1.0,1764199843.391666,0.5067466266866567
2.7632094596635186,,2.685791941462078,0.4808,0.49250374812593706,64,0.5192,,0.008976714004871789,1546.083197102,2.7721861736683904,2.705667908684067,1.0,1764199867.9755623,0.5074962518740629
2.774331358175286,,2.6968396728667576,0.4802,0.4935032483758121,65,0.5198,,0.008828235817309698,1568.984428785,2.7831595939925955,2.716445421604351,1.0,1764199890.4958453,0.5074962518740629
2.7858852618780654,,2.7077611639807184,0.4801,0.4927536231884058,66,0.5199,,0.008684257623633007,1591.350483753,2.794569519501698,2.7275337100982187,1.0,1764199913.1172397,0.5064967516241878
2.7969819413503214,,2.7189900890173013,0.4806,0.49250374812593706,67,0.5194,,0.008543621080917491,1615.966087141,2.8055255624312387,2.738448898955204,1.0,1764199935.441541,0.5072463768115942
2.8080534795857437,,2.7300383467420177,0.4799,0.4917541229385307,68,0.5201,,0.008410552213186151,1641.535526892,2.81646403179893,2.7491061153924505,1.0,1764199960.8981931,0.5074962518740629
2.81925087615614,,2.7408259525882666,0.4795,0.49150424787606195,69,0.5205,,0.00828016280418376,1666.467165201,2.827531038960324,2.7597550723677515,1.0,1764199985.8151798,0.5082458770614693
2.829918659270422,,2.7516011721366223,0.4796,0.4910044977511244,70,0.5204,,0.0081539002311293,1691.441135552,2.8380725595015512,2.770047223109981,1.0,1764200010.8224628,0.508495752123938
2.8405795265799734,,2.76201601052524,0.4796,0.49075462268865566,71,0.5204,,0.008031212584741152,1713.662518687,2.8486107391647146,2.7801484426875405,1.0,1764200035.5139096,0.5089955022488756
2.851062829362354,,2.7722360336120007,0.4796,0.4910044977511244,72,0.5204,,0.007912409075539799,1738.33914352,2.858975238437894,2.789891641039303,1.0,1764200057.952911,0.5092453773113443
2.8613262874909045,,2.7820959484666843,0.4793,0.4910044977511244,73,0.5206999999999999,,0.007795692572618532,1762.92222932,2.869121980063523,2.7999855808604663,1.0,1764200082.394356,0.5089955022488756
2.87147465952173,,2.792301218401042,0.4792,0.4905047476261869,74,0.5207999999999999,,0.0076843624594245515,1787.427348567,2.8791590219811547,2.8096955119975204,1.0,1764200106.9497726,0.5089955022488756
2.8817942790708457,,2.802122787084277,0.4789,0.49075462268865566,75,0.5211,,0.007572724913243308,1813.469156997,2.889367003984089,2.8197244624438316,1.0,1764200134.902361,0.5094952523738131
2.8913888171242044,,2.812259183843471,0.4787,0.49075462268865566,76,0.5213,,0.007465278600360525,1838.288385174,2.8988540957245648,2.828972291122789,1.0,1764200157.5123734,0.5092453773113443
2.9010967727781627,,2.821613942534668,0.4786,0.4910044977511244,77,0.5214,,0.007358348588120882,1863.607403763,2.9084551213662837,2.8381954458677607,1.0,1764200185.294579,0.5092453773113443
2.9108092621678727,,2.8309389941049,0.4783,0.4905047476261869,78,0.5217,,0.007256451762860697,1888.105124062,2.9180657139307336,2.8477051486445033,1.0,1764200207.725124,0.5089955022488756
2.919914774140876,,2.8405512577275815,0.4781,0.49025487256371814,79,0.5219,,0.007153890916921635,1910.353984286,2.927068665057798,2.8565745902762956,1.0,1764200232.3123245,0.5094952523738131
2.9297763070167986,,2.8495195014557693,0.478,0.48950524737631185,80,0.522,,0.007055088820526397,1932.905734898,2.936831395837325,2.866102403071688,1.0,1764200254.6522567,0.5097451274362819
2.9387942742096373,,2.859142580803479,0.478,0.4892553723138431,81,0.522,,0.006959822268209153,1955.157298436,2.9457540964778466,2.8749234028871746,1.0,1764200277.0489616,0.5104947526236882
2.9478207820891296,,2.8680572384695626,0.4778,0.4892553723138431,82,0.5222,,0.006866164417612189,1979.94074441,2.9546869465067416,2.8835627501038297,1.0,1764200299.4008837,0.5107446276861569
2.9566989568863926,,2.876789084130895,0.4781,0.48950524737631185,83,0.5219,,0.00677366597293465,2002.459804074,2.963472622859327,2.891984036071845,1.0,1764200324.1846294,0.5107446276861569
2.9656480420620754,,2.885299392325328,0.4779,0.48875562218890556,84,0.5221,,0.006684643746517053,2025.001803935,2.9723326858085923,2.9008484346130263,1.0,1764200346.6768186,0.5104947526236882
2.974241368381282,,2.8942522767936154,0.4781,0.4892553723138431,85,0.5219,,0.006596157819410762,2050.090387895,2.980837526200693,2.9089896943466718,1.0,1764200369.4271686,0.5112443778110944
2.982881875195827,,2.9024805142543046,0.4776,0.48875562218890556,86,0.5224,,0.0065091800923671875,2075.160897948,2.989391055288194,2.9174260102260834,1.0,1764200394.3815458,0.5107446276861569
2.991788315807035,,2.911002890908274,0.4774,0.4890054972513743,87,0.5226,,0.006423119317809069,2099.883975671,2.998211435124844,2.9258746422302244,1.0,1764200419.2499235,0.5112443778110944
3.0001800470024187,,2.9195353927313867,0.4769,0.48875562218890556,88,0.5231,,0.00633924949883767,2122.128326932,3.0065192965012564,2.9340874712715026,1.0,1764200444.0699646,0.5109945027486257
3.0087736931303737,,2.9278297149994414,0.4767,0.48800599700149927,89,0.5233,,0.006257756272061002,2150.011998199,3.015031449402435,2.9422975735983687,1.0,1764200469.387887,0.5112443778110944
3.017011155332313,,2.936120593638725,0.4763,0.48825587206396803,90,0.5237,,0.006176979959643814,2174.813526064,3.0231881352919565,2.9501403323758666,1.0,1764200494.304225,0.5119940029985007
3.024913034365882,,2.944042295355532,0.4765,0.48825587206396803,91,0.5235000000000001,,0.006098037020334334,2197.306093652,3.0310110713862164,2.957743079057787,1.0,1764200519.0817397,0.511744127936032
3.0330127619696494,,2.9517224914711777,0.4767,0.48750624687656174,92,0.5233,,0.006020587586609655,2222.101421047,3.039033349556259,2.9655689938799075,1.0,1764200541.5227113,0.511744127936032
3.041030783484713,,2.9596257310437655,0.4764,0.487256371814093,93,0.5236000000000001,,0.005943262836142209,2244.857927478,3.046974046320855,2.973460026171016,1.0,1764200566.8189363,0.5124937531234383
3.049059822463365,,2.9675909090806254,0.4766,0.48700649675162416,94,0.5234,,0.00586911709039031,2269.570206518,3.0549289395537556,2.981107263016081,1.0,1764200588.9488525,0.512743628185907
3.0565024063901585,,2.975311794038097,0.4767,0.4867566216891554,95,0.5233,,0.0057954689779838265,2297.440521504,3.0622978753681425,2.9885392084382643,1.0,1764200616.835595,0.5129935032483759
3.064562536443478,,2.982815866277771,0.4762,0.4862568715642179,96,0.5238,,0.005723342160493309,2322.097899089,3.0702858786039715,2.9964300227866714,1.0,1764200641.5138786,0.5132433783108445
3.072112803732219,,2.9907772621436046,0.4764,0.48575712143928035,97,0.5236000000000001,,0.005652760643066815,2347.106120634,3.077765564375286,3.0036908198429133,1.0,1764200666.4268732,0.5137431284357821
3.0797477280744885,,2.998107494243935,0.4765,0.48575712143928035,98,0.5235000000000001,,0.005583325598977899,2371.952080801,3.0853310536734666,3.0108376340723706,1.0,1764200691.4263296,0.5142428785607196
3.0871935327677207,,3.0053237411069356,0.4763,0.4852573713143428,99,0.5237,,0.005513892965434966,2394.259142687,3.0927074257331557,3.0182323472074484,1.0,1764200716.0805542,0.5142428785607196
3.094358622088765,,3.012786908927615,0.4763,0.48500749625187406,100,0.5237,,0.005445438279833423,2407.848113008,3.0998040603685983,3.025204058194804,1.0,1764200739.8269427,0.5147426286856571
